0	Regolamento comunale Città di Bellinzona
1	Ordinanza municipale concernente il prelievo di tasse di cancelleria
2	Ordinanza municipale sulle tasse relative alle procedure di naturalizzazione
3	Ordinanza municipale concernente le deleghe di competenze operative e in materia di spesa
4	Ordinanza municipale concernente il Servizio revisione interna
5	Ordinanza municipale sul servizio controllo abitanti
6	Ordinanza municipale sull'archivio della Città di Bellinzona
7	Regolamento organico dei dipendenti
8	Ordinanza municipale concernente la classificazione delle funzioni dei dipendenti
9	Ordinanza municipale sull'orario flessibile
10	Ordinanza municipale sull'orario fisso
11	Ordinanza municipale sulle pause
12	Ordinanza municipale sulle indennità per lavoro notturno e nei giorni di riposo secondo ROD, per il servizio di picchetto, per missioni d'ufficio, per utilizzo automezzi privati, per rimborso pasti e per mansioni speciali
13	Ordinanza municipale sulla Commissione del personale
14	Ordinanza municipale sulla Commissione paritetica consultiva e conciliativa
15	Ordinanza municipale concernente la gestione del sistema di valutazione e riconoscimenti del personale
16	Ordinanza sulla commissione di previdenza
17	Regolamento sulle tasse per le prestazioni dell'Istituto scolastico
18	Ordinanza municipale sulle tasse per le prestazioni dell'Istituto scolastico
19	Regolamento dell'Istituto Scolastico Comunale Città di Bellinzona
20	Bellinzona - Regolamento sull'occupazione di area pubblica e della proprietà privata aperta al pubblico in transito
21	Camorino - Regolamento sull'uso dei beni comunali
22	Claro - Regolamento sull'occupazione dell'area pubblica
23	Giubiasco - Regolamento concernente le tasse per l'uso speciale di beni amministrativi
24	Giubiasco - Ordinanza concernente le tasse per l'uso speciale dei beni amministrativi
25	Ordinanza municipale sull'uso speciale degli spazi negli stabili amministrativi e relative tasse
26	Ordinanza municipale sugli impianti pubblicitari
27	Camorino - Regolamento sugli impianti pubblicitari
28	Giubiasco - Regolamento sugli impianti pubblicitari
29	Ordinanza municipale concernente le tasse per l'occupazione dell'area pubblica da parte delle imprese per l'installazione di cantieri
30	Ordinanza municipale concernente le disposizioni in caso di nevicate o gelo
31	Ordinanza municipale sulla salvaguardia dell'area di uso pubblico (littering e vandalismi)
32	Ordinanza municipale del "mercato mostra" nel centro storico
33	Ordinanza municipale sulle tasse per la partecipazione al "mercato mostra" nel centro storico
34	Ordinanza sull'attività di ambulante professionale od occasionale nel Comune
35	Ordinanza municipale concernente le agevolazioni di parcheggio
36	Ordinanza municipale concernente il prelievo delle tasse di parcheggio
37	Ordinanza concernente l'uso dell'autosilo Cervia
38	Ordinanza municipale concernente l'uso dell'area camper ubicata al mapp. no. 187 RFD, Bellinzona, Centro Sportivo
39	Ordinanza municipale che disciplina gli accessi con veicoli a motore nel Centro Storico
40	Ordinanza municipale sul servizio Taxi
41	Regolamento dei cimiteri
42	Ordinanza municipale sugli esercizi alberghieri e sulla ristorazione
43	Bellinzona - Regolamento concernente la videosorveglianza
44	Ordinanza municipale concernente la videosorveglianza
45	Ordinanza municipale sulla repressione dei rumori molesti e inutili
46	Ordinanza municipale sulla custodia dei cani
47	Regolamento strada forestale Camorino-Montagna-Croveggia
48	Ordinanza municipale che disciplina la fruizione della strada forestale Camorino-Montagna-Croveggia
49	Ordinanza municipale sulle tasse e tariffe per prestazioni della Polizia comunale
50	Giubiasco - Regolamento sulle tasse per compiti di polizia
51	Regolamento Corpo civici Pompieri
52	Ordinanza municipale concernente le tariffe delle prestazioni del corpo civici pompieri a favore di terzi, relativamente alla posa ed alla gestione di sistemi di sicurezza per l'accesso agli stabili
53	Ordinanza municipale concernente le indennità del Corpo Pompieri
54	Regolamento disciplinante la gestione e il funzionamento della clinica dentaria comunale
55	Bellinzona - Regolamento disciplinante la gestione e l'uso delle infrastrutture sportive
56	Bellinzona - Ordinanza municipale per l'utilizzazione delle infrastrutture sportive comunali
57	Bellinzona - Ordinanza municipale inerente il bagno pubblico comunale
58	Camorino - Regolamento per il disciplinamento dell'uso del centro sportivo comunale
59	Giubiasco - Regolamento di delega di competenze del Consiglio comunale al Municipio per l'affidamento di infrastrutture sportive comunali a società sportive
60	Regolamento per la zona residenziale di interesse comunale in Via Bonasco
61	Claro - Ordinanza municipale concernente il versamento di contributi sostitutivi per la formazione di posteggi
62	Gnosca - Ordinanza municipale concernente il contributo sostitutivo per mancata esecuzione posteggio
63	Preonzo - Ordinanza municipale concernente il prelievo dei contributi sostitutivi dei posteggi
64	Ordinanza municipale relativa alla formazione di accessi veicolari sulla proprietà comunale
65	Ordinanza municipale concernente il finanziamento alla conservazione di edifici e impianti protetti
66	Ordinanza municipale per il controllo degli impianti a combustione alimentati con olio o gas e potenza termica pari o inferiore a 1 MW, legna con potenza termica pari o inferiore a 70 kW
67	Ordinanza municipale concernente il contributo finanziario comunale per l’acquisto di abbonamenti annuali Arcobaleno
68	Regolamento comunale delle canalizzazioni
69	Ordinanza municipale concernente l'allacciamento alle canalizzazioni
70	Ordinanza municipale concernente la tassa d'uso delle canalizzazioni
71	Regolamento per la fornitura di acqua potabile
72	Ordinanza municipale concernente le tasse per la fornitura dell'acqua potabile
73	Bellinzona - Ordinanza concernente l'esecuzione e il controllo degli impianti per la distribuzione di acqua potabile
74	Bellinzona - Ordinanza concernente il prelievo d'acqua dalla rete tramite idranti
75	Regolamento d'uso delle zone di protezione dei pozzi di captazione dell'acqua potabile in zona Gorduno-Gnosca
76	Regolamento per la distribuzione di energia elettrica
77	Ordinanza relativa alle tariffe per la fornitura di energia elettrica
78	Ordinanza concernente i contributi per l'allacciamento alla rete elettrica di distribuzione
79	Bellinzona - Ordinanza inerente la fornitura di energia elettrica in media tensione
80	Ordinanza municipale concernente l'attribuzione di un contributo finanziario per l'acquisto di stazioni di ricarica domestiche per auto elettriche
81	Ordinanza municipale concernente il contributo finanziario comunale per la sostituzione di scaldacqua elettrico con scaldacqua a pompa di calore
82	Regolamento comunale sulla gestione dei rifiuti
83	Ordinanza municipale d'applicazione del Regolamento comunale sulla gestione dei rifiuti
84	Ordinanza municipale concernente la vuotatura di fosse per colaticcio, liquami e pozzi neri, sul trasporto di colaticcio, liquame, letame e sulla concimazione con fertilizzanti liquidi e solidi
85	Ordinanza municipale sulla lotta alla zanzara tigre
86	Ordinanza municipale concernente le tariffe per prestazioni dei Settori Servizi urbani e ambiente e Opere pubbliche
