nummer,name,scan,app_level,documents,excerpt
9.11,Fulnau,silent,caution,https://planregister-data.so.ch/public/seewen/119-66-S.pdf;https://planregister-data.so.ch/public/seewen/119-66-E.pdf;https://planregister-data.so.ch/public/seewen/119-66-P.pdf,
9.06,Rymatt,silent,caution,https://geo.so.ch/docs/ch.so.arp.naturreservate/rrb/rrb_1973-11-27_6784.pdf;https://geo.so.ch/docs/ch.so.arp.naturreservate/rrb/rrb_2006-11-14_2018.pdf;https://geo.so.ch/docs/ch.so.arp.naturreservate/rrb/rrb_1999-03-15_515.pdf;https://geo.so.ch/docs/ch.so.arp.naturreservate/rrb/rrb_1978-02-14_780.pdf,
2.01,Massiv der Balmflühe,silent,caution,https://geo.so.ch/docs/ch.so.arp.naturreservate/rrb/rrb_1951-10-05_4220.pdf;https://geo.so.ch/docs/ch.so.arp.naturreservate/rrb/rrb_1999-03-15_515.pdf;https://geo.so.ch/docs/ch.so.arp.naturreservate/rrb/rrb_1972-05-02_2446.pdf,
6.1,Oberer Schweissacker - Dickban,banned,restricted,https://planregister-data.so.ch/public/kestenholz/76-54-S.pdf;https://planregister-data.so.ch/public/kestenholz/76-54_55-E.pdf;https://planregister-data.so.ch/public/kestenholz/76-54-P.pdf,"nfalls im Gehölz und Landschaft, abzuschliessen. Ausserordentliche Unterhaltsmassnahmen, wie Baggeroder o das Campieren und das Anzünden von Feuern. auf Haufen Holzereiarbeiten, werden vom Amt für Raumplanun"
7.09,Bergföhren Hombergfluh,silent,caution,https://geo.so.ch/docs/ch.so.arp.naturreservate/rrb/rrb_1972-02-25_955.pdf;https://geo.so.ch/docs/ch.so.arp.naturreservate/rrb/rrb_1951-12-22_5376.pdf,
9.12,Weiher Nachtweid,silent,caution,https://geo.so.ch/docs/ch.so.arp.naturreservate/rrb/rrb_1981-08-25_4760.pdf,
2.21,Stadtallmend,silent,caution,https://geo.so.ch/docs/ch.so.arp.naturreservate/rrb/rrb_1972-05-02_2446.pdf,
6.07,Aareinsel,silent,caution,https://planregister-data.so.ch/public/olten/92-357-E.pdf;https://geo.so.ch/docs/ch.so.arp.naturreservate/rrb/rrb_1999-03-15_515.pdf;https://geo.so.ch/docs/ch.so.arp.naturreservate/rrb/rrb_1972-05-02_2442.pdf,
5.11,Limmernweiher,silent,caution,https://geo.so.ch/docs/ch.so.arp.naturreservate/rrb/rrb_1975-09-12_5116.pdf,
2.22,Vogelschutzgehölz beim Pumpenhaus,silent,caution,https://geo.so.ch/docs/ch.so.arp.naturreservate/rrb/rrb_1972-05-02_2446.pdf,
9.07,Baslerweiher,silent,caution,https://geo.so.ch/docs/ch.so.arp.naturreservate/rrb/rrb_1945-12-07_5822.pdf;https://geo.so.ch/docs/ch.so.arp.naturreservate/rrb/rrb_1972-05-02_2439.pdf;https://geo.so.ch/docs/ch.so.arp.naturreservate/rrb/rrb_1999-03-15_515.pdf,
9.05,Hofstetterchöpfli,banned,restricted,https://planregister-data.so.ch/public/hofstetten-flueh/115-115-S.pdf;https://geo.so.ch/docs/ch.so.arp.naturreservate/rrb/rrb_1945-12-07_5822.pdf;https://geo.so.ch/docs/ch.so.arp.naturreservate/rrb/rrb_1999-03-15_515.pdf;https://geo.so.ch/docs/ch.so.arp.naturreservate/rrb/rrb_1972-05-02_2439.pdf;https://geo.so.ch/docs/ch.so.arp.naturreservate/rrb/rrb_2012-08-14_1661.pdf;https://planregister-data.so.ch/public/hofstetten-flueh/115-115-P.pdf,le notwendig sind; Die einmaligen Kosten für die Errichtung des Reservates und den jährlichen Unterhalt D Das Campieren; werden zu je 50 °/o durch die Gemeinde Hofstetten-Fiüh und durch den Ka~ton (Amt_ für 
8.09,Orchideenwäldchen Rebenfeld-Walacker,silent,caution,https://geo.so.ch/docs/ch.so.arp.naturreservate/rrb/rrb_1970-09-15_4660.pdf;https://geo.so.ch/docs/ch.so.arp.naturreservate/rrb/rrb_1999-03-15_515.pdf,
5.02,Riedgraben,silent,caution,https://geo.so.ch/docs/ch.so.arp.naturreservate/rrb/rrb_1999-03-15_515.pdf;https://geo.so.ch/docs/ch.so.arp.naturreservate/rrb/rrb_1972-05-02_2443.pdf,
4.1,Emmenschachen,silent,caution,https://geo.so.ch/docs/ch.so.arp.naturreservate/rrb/rrb_1999-03-15_515.pdf;https://geo.so.ch/docs/ch.so.arp.naturreservate/rrb/rrb_1972-05-02_2444.pdf;https://geo.so.ch/docs/ch.so.arp.naturreservate/rrb/rrb_1949-12-28_4589.pdf;https://geo.so.ch/docs/ch.so.arp.naturreservate/rrb/rrb_1940-06-18_598.pdf,
10.09,Nunningerberg,silent,caution,https://geo.so.ch/docs/ch.so.arp.naturreservate/rrb/rrb_1976-05-25_3186.pdf;https://geo.so.ch/docs/ch.so.arp.naturreservate/rrb/rrb_1999-03-15_515.pdf,
2.06,Bettlachstock,silent,caution,https://geo.so.ch/docs/ch.so.arp.naturreservate/rrb/rrb_1983-05-17_1465.pdf;https://geo.so.ch/docs/ch.so.arp.naturreservate/rrb/rrb_1999-03-15_515.pdf;https://geo.so.ch/docs/ch.so.arp.naturreservate/rrb/rrb_1984-03-06_737.pdf,
10.11,Unterwirtsmöösli,silent,caution,https://geo.so.ch/docs/ch.so.arp.naturreservate/rrb/rrb_1945-01-09_119.pdf;https://geo.so.ch/docs/ch.so.arp.naturreservate/rrb/rrb_1972-05-02_2438.pdf,
10.13,Sennhausweiher,notext,caution,,
9.02,Aktiengrube,silent,caution,https://geo.so.ch/docs/ch.so.arp.naturreservate/rrb/rrb_1972-05-02_2439.pdf;https://geo.so.ch/docs/ch.so.arp.naturreservate/rrb/rrb_1977-10-11_445.pdf;https://geo.so.ch/docs/ch.so.arp.naturreservate/rrb/rrb_1940-06-18_598.pdf;https://geo.so.ch/docs/ch.so.arp.naturreservate/rrb/rrb_1947-02-07_560.pdf;https://geo.so.ch/docs/ch.so.arp.naturreservate/rrb/rrb_1999-03-15_515.pdf,
7.07,Huppergrube,banned,restricted,https://geo.so.ch/docs/ch.so.arp.naturreservate/rrb/rrb_2002-07-02_1398.pdf,"iche Anlagen sowie Terrainveranderungen soweit sie nicht fur das Erreichen desSchutzzieles notwendig sind das Campieren und Anzunden von Feuern das Wegwerfen, Ablagern oder Einleiten von Abfallen, Materialie"
4.08,Gerlafinger Weiher,silent,caution,https://geo.so.ch/docs/ch.so.arp.naturreservate/rrb/rrb_1972-05-02_2444.pdf;https://geo.so.ch/docs/ch.so.arp.naturreservate/rrb/rrb_1949-12-28_4989.pdf;https://geo.so.ch/docs/ch.so.arp.naturreservate/rrb/rrb_1999-03-15_515.pdf,
2.12,Aareinsel mit Lagune,silent,caution,https://geo.so.ch/docs/ch.so.arp.naturreservate/rrb/rrb_1972-05-02_2446.pdf;https://geo.so.ch/docs/ch.so.arp.naturreservate/rrb/rrb_1999-03-15_515.pdf;https://geo.so.ch/docs/ch.so.arp.naturreservate/rrb/rrb_1979-08-17_4556.pdf,
10.06,Chalmbrunnen,silent,caution,https://geo.so.ch/docs/ch.so.arp.naturreservate/rrb/rrb_1971-02-05_530.pdf;https://geo.so.ch/docs/ch.so.arp.naturreservate/rrb/rrb_1999-03-15_515.pdf;https://geo.so.ch/docs/ch.so.arp.naturreservate/rrb/rrb_1972-05-02_2438.pdf,
9.08,Schlosswald und Orchideenmatte,silent,caution,https://geo.so.ch/docs/ch.so.arp.naturreservate/rrb/rrb_1972-05-02_2439.pdf;https://geo.so.ch/docs/ch.so.arp.naturreservate/rrb/rrb_1999-03-15_515.pdf;https://geo.so.ch/docs/ch.so.arp.naturreservate/rrb/rrb_1947-02-07_560.pdf;https://geo.so.ch/docs/ch.so.arp.naturreservate/rrb/rrb_1941-10-24_430.pdf,
10.01,Roti Flue - Landsberg,silent,caution,https://geo.so.ch/docs/ch.so.arp.naturreservate/rrb/rrb_1945-01-09_119.pdf;https://geo.so.ch/docs/ch.so.arp.naturreservate/rrb/rrb_1999-03-15_515.pdf;https://geo.so.ch/docs/ch.so.arp.naturreservate/rrb/rrb_1972-05-02_3438.pdf,
2.15,"Grosse Aareinsel ""Inseli""",silent,caution,https://geo.so.ch/docs/ch.so.arp.naturreservate/rrb/rrb_1972-05-02_2446.pdf;https://geo.so.ch/docs/ch.so.arp.naturreservate/rrb/rrb_1945-12-28_6195.pdf;https://geo.so.ch/docs/ch.so.arp.naturreservate/rrb/rrb_1999-03-15_515.pdf,
5.09,Chatzensteg,silent,caution,https://geo.so.ch/docs/ch.so.arp.naturreservate/rrb/rrb_1999-03-15_515.pdf;https://geo.so.ch/docs/ch.so.arp.naturreservate/rrb/rrb_1945-07-18_3321.pdf;https://geo.so.ch/docs/ch.so.arp.naturreservate/rrb/rrb_1972-05-02_2443.pdf,
2.14,"Aareinsel ""Gländ""",silent,caution,https://geo.so.ch/docs/ch.so.arp.naturreservate/rrb/rrb_1972-05-02_2446.pdf;https://geo.so.ch/docs/ch.so.arp.naturreservate/rrb/rrb_1999-03-15_515.pdf,
8.08,Flueberg,silent,caution,https://geo.so.ch/docs/ch.so.arp.naturreservate/rrb/rrb_1999-03-15_515.pdf;https://geo.so.ch/docs/ch.so.arp.naturreservate/rrb/rrb_1972-05-02_2440.pdf;https://geo.so.ch/docs/ch.so.arp.naturreservate/rrb/rrb_1951-12-22_5377.pdf,
10.1,Riedberg - Chäppeli,silent,caution,https://geo.so.ch/docs/ch.so.arp.naturreservate/rrb/rrb_1999-03-15_515.pdf;https://geo.so.ch/docs/ch.so.arp.naturreservate/rrb/rrb_1976-05-25_3186.pdf,
4.09,Oeschmatt Altlauf,silent,caution,https://geo.so.ch/docs/ch.so.arp.naturreservate/rrb/rrb_1977-03-08_1398.pdf;https://geo.so.ch/docs/ch.so.arp.naturreservate/rrb/rrb_1982-08-24_2354.pdf;https://geo.so.ch/docs/ch.so.arp.naturreservate/rrb/rrb_1999-03-15_515.pdf,
2.18,Sackmatten,silent,caution,https://planregister-data.so.ch/public/grenchen/7-277-S.pdf;https://planregister-data.so.ch/public/grenchen/7-277_278-E.pdf;https://planregister-data.so.ch/public/grenchen/7-277-P.pdf,
2.03,Erlenmoos,silent,caution,https://geo.so.ch/docs/ch.so.arp.naturreservate/rrb/rrb_1977-03-18_1624.pdf;https://geo.so.ch/docs/ch.so.arp.naturreservate/rrb/rrb_1999-03-15_515.pdf;https://geo.so.ch/docs/ch.so.arp.naturreservate/rrb/rrb_1972-05-02_2446.pdf,
10.04,Sumpflöcher Helgenmatt,silent,caution,https://geo.so.ch/docs/ch.so.arp.naturreservate/rrb/rrb_1999-03-15_515.pdf;https://geo.so.ch/docs/ch.so.arp.naturreservate/rrb/rrb_1976-06-18_3787.pdf,
4.02,Chlöpfibeerimoos,silent,caution,https://geo.so.ch/docs/ch.so.arp.naturreservate/rrb/rrb_1949-12-28_4989.pdf;https://geo.so.ch/docs/ch.so.arp.naturreservate/rrb/rrb_1972-05-02_2444.pdf;https://geo.so.ch/docs/ch.so.arp.naturreservate/rrb/rrb_1999-03-15_515.pdf,
4.01,Burgäschisee,banned,restricted,https://geo.so.ch/docs/ch.so.arp.naturreservate/rrb/rrb_1949-12-28_4989.pdf;https://geo.so.ch/docs/ch.so.arp.naturreservate/rrb/rrb_1999-03-15_515.pdf;https://geo.so.ch/docs/ch.so.arp.naturreservate/rrb/rrb_1940-06-18_598.pdf;https://geo.so.ch/docs/ch.so.arp.naturreservate/rrb/rrb_1944-11-07_4819.pdf;https://geo.so.ch/docs/ch.so.arp.naturreservate/rrb/rrb_1957-02-19_866.pdf;https://geo.so.ch/docs/ch.so.arp.naturreservate/rrb/rrb_1959-08-14_3789.pdf;https://geo.so.ch/docs/ch.so.arp.naturreservate/rrb/rrb_1959-05-22_2480.pdf;https://geo.so.ch/docs/ch.so.arp.naturreservate/rrb/rrb_1972-05-02_2444.pdf;https://geo.so.ch/docs/ch.so.arp.naturreservate/rrb/rrb_1959-09-25_4558.pdf,"hren des Schilfund Seerosengurtels, das Ein- . dringen in das Schilf und den Seerosengirtel vom Ufer her, das Campieren, wie Aufschlagen·von Zelten, Anzinden von Feuern etc., das Baden ausserhalb des bezeich"
10.12,Schlossereiweiher,notext,caution,https://planregister-data.so.ch/public/kanton/Dokument-nicht-digital-verfuegbar.pdf,
2.05,Wandflue - Stallflue - Hasenmatt,silent,caution,https://geo.so.ch/docs/ch.so.arp.naturreservate/rrb/rrb_1999-03-15_515.pdf;https://geo.so.ch/docs/ch.so.arp.naturreservate/rrb/rrb_1972-05-02_2446.pdf,
6.03,Dünnernlauf,silent,caution,https://planregister-data.so.ch/public/olten/92-357-S.pdf;https://planregister-data.so.ch/public/olten/92-357-E.pdf;https://geo.so.ch/docs/ch.so.arp.naturreservate/rrb/rrb_1972-05-02_2442.pdf;https://geo.so.ch/docs/ch.so.arp.naturreservate/rrb/rrb_1999-03-15_515.pdf;https://geo.so.ch/docs/ch.so.arp.naturreservate/rrb/rrb_1949-05-24_1916.pdf;https://planregister-data.so.ch/public/olten/92-357-P.pdf,
8.03,Mahren - Rütenen,silent,caution,https://geo.so.ch/docs/ch.so.arp.naturreservate/rrb/rrb_1971-12-24_7298.pdf;https://geo.so.ch/docs/ch.so.arp.naturreservate/rrb/rrb_1999-03-15_515.pdf,
3.02,Lochmattweiher,silent,caution,https://geo.so.ch/docs/ch.so.arp.naturreservate/rrb/rrb_1974-02-22_886.pdf;https://geo.so.ch/docs/ch.so.arp.naturreservate/rrb/rrb_1999-03-15_515.pdf;https://geo.so.ch/docs/ch.so.arp.naturreservate/rrb/rrb_1972-05-02_2445.pdf,
10.07,Latschgetweid,banned,restricted,https://geo.so.ch/docs/ch.so.arp.naturreservate/rrb/rrb_1988-07-12_2158.pdf;https://geo.so.ch/docs/ch.so.arp.naturreservate/rrb/rrb_1999-03-15_515.pdf,"chutzbestimmungen: Samtliche Handlungen, die dem Schutzziel widersprechen, sind untersagt, insbesondere - das Campieren und Anzunden von Feuern - das Wegwerfen, Ablagern oder Einleiten von Abfallen, Material"
2.16,Widizopf mit Bucht,silent,caution,https://geo.so.ch/docs/ch.so.arp.naturreservate/rrb/rrb_1945-04-27_1919.pdf;https://geo.so.ch/docs/ch.so.arp.naturreservate/rrb/rrb_1975-11-21_6617.pdf;https://geo.so.ch/docs/ch.so.arp.naturreservate/rrb/rrb_1972-05-02_2446.pdf;https://geo.so.ch/docs/ch.so.arp.naturreservate/rrb/rrb_1999-03-15_515.pdf,
5.05,Jurawieide Brunnersberg,silent,caution,https://geo.so.ch/docs/ch.so.arp.naturreservate/rrb/rrb_1977-11-25_7104.pdf;https://geo.so.ch/docs/ch.so.arp.naturreservate/rrb/rrb_1999-03-15_515.pdf,
9.09,Chälengraben,silent,caution,https://geo.so.ch/docs/ch.so.arp.naturreservate/rrb/rrb_1972-05-02_2439.pdf;https://geo.so.ch/docs/ch.so.arp.naturreservate/rrb/rrb_1999-03-15_515.pdf;https://geo.so.ch/docs/ch.so.arp.naturreservate/rrb/rrb_1945-12-07_5822.pdf,
6.02,Holzbünten,silent,caution,https://geo.so.ch/docs/ch.so.arp.naturreservate/rrb/rrb_1961-10-20_5785.pdf;https://geo.so.ch/docs/ch.so.arp.naturreservate/rrb/rrb_1972-02-25_954.pdf;https://geo.so.ch/docs/ch.so.arp.naturreservate/rrb/rrb_1999-03-15_515.pdf,
7.05,Waldreservat Ruttiger Born,silent,caution,https://geo.so.ch/docs/ch.so.arp.naturreservate/rrb/rrb_1994-02-04_334.pdf;https://geo.so.ch/docs/ch.so.arp.naturreservate/rrb/rrb_1999-03-15_515.pdf;https://geo.so.ch/docs/ch.so.arp.naturreservate/rrb/rrb_1976-09-24_5552.pdf,
8.06,Schachen mit Kipp,silent,caution,https://geo.so.ch/docs/ch.so.arp.naturreservate/rrb/rrb_1972-05-02_2440.pdf;https://geo.so.ch/docs/ch.so.arp.naturreservate/rrb/rrb_1999-03-15_515.pdf;https://geo.so.ch/docs/ch.so.arp.naturreservate/rrb/rrb_1960-11-25_6136.pdf,
2.1,Chuchigraben - Vorberg,silent,caution,https://geo.so.ch/docs/ch.so.arp.naturreservate/rrb/rrb_1951-10-05_4220.pdf;https://geo.so.ch/docs/ch.so.arp.naturreservate/rrb/rrb_1972-05-02_2446.pdf;https://geo.so.ch/docs/ch.so.arp.naturreservate/rrb/rrb_1999-03-15_515.pdf,
7.06,Mattental,silent,caution,https://geo.so.ch/docs/ch.so.arp.naturreservate/rrb/rrb_1999-03-15_515.pdf;https://geo.so.ch/docs/ch.so.arp.naturreservate/rrb/rrb_1974-07-12_4002.pdf,
4.06,Pfaffenweier,silent,caution,https://geo.so.ch/docs/ch.so.arp.naturreservate/rrb/rrb_1961-03-28_1750.pdf;https://geo.so.ch/docs/ch.so.arp.naturreservate/rrb/rrb_1972-05-02_2444.pdf;https://geo.so.ch/docs/ch.so.arp.naturreservate/rrb/rrb_1999-03-15_515.pdf,
5.03,Horngraben,silent,caution,https://geo.so.ch/docs/ch.so.arp.naturreservate/rrb/rrb_1972-05-02_2443.pdf;https://geo.so.ch/docs/ch.so.arp.naturreservate/rrb/rrb_1999-03-15_515.pdf,
2.09,Altwasser Rütisack,silent,caution,https://geo.so.ch/docs/ch.so.arp.naturreservate/rrb/rrb_1965-03-05_1282.pdf;https://geo.so.ch/docs/ch.so.arp.naturreservate/rrb/rrb_1972-05-02_2446.pdf;https://geo.so.ch/docs/ch.so.arp.naturreservate/rrb/rrb_1999-03-15_515.pdf;https://geo.so.ch/docs/ch.so.arp.naturreservate/rrb/rrb_1978-01-13_261.pdf,
4.03,"Schachenwäldchen ""Giriz""",silent,caution,https://geo.so.ch/docs/ch.so.arp.naturreservate/rrb/rrb_1972-05-02_2444.pdf;https://geo.so.ch/docs/ch.so.arp.naturreservate/rrb/rrb_1960-12-17_6514.pdf;https://geo.so.ch/docs/ch.so.arp.naturreservate/rrb/rrb_1999-03-15_515.pdf,
3.03,Kleine Aareinsel,silent,caution,https://geo.so.ch/docs/ch.so.arp.naturreservate/rrb/rrb_1949-12-27_4942.pdf;https://geo.so.ch/docs/ch.so.arp.naturreservate/rrb/rrb_1972-05-02_2445.pdf;https://geo.so.ch/docs/ch.so.arp.naturreservate/rrb/rrb_1999-03-15_515.pdf,
2.04,Möösli - Witi,silent,caution,https://geo.so.ch/docs/ch.so.arp.naturreservate/rrb/rrb_1980-10-28_5493.pdf;https://geo.so.ch/docs/ch.so.arp.naturreservate/rrb/rrb_1999-03-15_515.pdf;https://geo.so.ch/docs/ch.so.arp.naturreservate/rrb/rrb_1976-09-15_5353.pdf,
6.08,Weiermatten,silent,caution,https://geo.so.ch/docs/ch.so.arp.naturreservate/rrb/rrb_1999-03-15_515.pdf;https://geo.so.ch/docs/ch.so.arp.naturreservate/rrb/rrb_1972-05-02_2442.pdf;https://geo.so.ch/docs/ch.so.arp.naturreservate/rrb/rrb_1967-09-08_4656.pdf,
2.02,Bellacherweier,silent,caution,https://geo.so.ch/docs/ch.so.arp.naturreservate/rrb/rrb_1945-04-27_1919.pdf;https://geo.so.ch/docs/ch.so.arp.naturreservate/rrb/rrb_1999-03-15_515.pdf;https://geo.so.ch/docs/ch.so.arp.naturreservate/rrb/rrb_1972-05-02_2446.pdf,
7.01,Riedbrunnmatt,silent,caution,https://geo.so.ch/docs/ch.so.arp.naturreservate/rrb/rrb_1975-08-05_4636.pdf;https://geo.so.ch/docs/ch.so.arp.naturreservate/rrb/rrb_1999-03-15_515.pdf,
2.2,Hupperweiher,silent,caution,https://planregister-data.so.ch/public/grenchen/Hupperweiher_RRB3819-1971.pdf,
2.07,Eichacker - Wannengraben,silent,caution,https://geo.so.ch/docs/ch.so.arp.naturreservate/rrb/rrb_1974-02-22_913.pdf;https://geo.so.ch/docs/ch.so.arp.naturreservate/rrb/rrb_1999-03-15_515.pdf;https://geo.so.ch/docs/ch.so.arp.naturreservate/rrb/rrb_1987-03-31_955.pdf;https://geo.so.ch/docs/ch.so.arp.naturreservate/rrb/rrb_1972-05-02_2446.pdf;https://geo.so.ch/docs/ch.so.arp.naturreservate/rrb/rrb_1951-11-20_4870.pdf;https://geo.so.ch/docs/ch.so.arp.naturreservate/rrb/rrb_2005-08-30_1806.pdf;https://geo.so.ch/docs/ch.so.arp.naturreservate/rrb/rrb_1981-03-13_1343.pdf;https://geo.so.ch/docs/ch.so.arp.naturreservate/rrb/rrb_1978-10-17_5678.pdf,
8.1,Alte Gipsgrube,notext,caution,https://planregister-data.so.ch/public/kanton/Dokument-nicht-digital-verfuegbar.pdf,
6.04,"Feuchtbiotop ""St. Peter""",silent,caution,https://geo.so.ch/docs/ch.so.arp.naturreservate/rrb/rrb_2019-07-02-1348.pdf;https://geo.so.ch/docs/ch.so.arp.naturreservate/rrb/rrb_1999-03-15_515.pdf;https://geo.so.ch/docs/ch.so.arp.naturreservate/rrb/rrb_1987-09-08_2662.pdf;https://geo.so.ch/docs/ch.so.arp.naturreservate/gestaltungsplan/76-79-P.pdf,
5.01,Hinter Flue,silent,caution,https://geo.so.ch/docs/ch.so.arp.naturreservate/rrb/rrb_1975-04-01_1574.pdf;https://geo.so.ch/docs/ch.so.arp.naturreservate/rrb/rrb_1999-03-15_515.pdf;https://geo.so.ch/docs/ch.so.arp.naturreservate/rrb/rrb_1975-03-11_1280.pdf,
8.05,Weiher Summerhalden,silent,caution,https://geo.so.ch/docs/ch.so.arp.naturreservate/rrb/rrb_1999-03-15_515.pdf;https://geo.so.ch/docs/ch.so.arp.naturreservate/rrb/rrb_1975-08-05_4671.pdf,
10.03,Sumpfwiese Neuhüsli,silent,caution,https://geo.so.ch/docs/ch.so.arp.naturreservate/rrb/rrb_1975-03-25_1483.pdf;https://geo.so.ch/docs/ch.so.arp.naturreservate/rrb/rrb_1999-03-15_515.pdf;https://geo.so.ch/docs/ch.so.arp.naturreservate/rrb/rrb_1975-03-25_1484.pdf,
5.1,Schwängi,silent,caution,https://geo.so.ch/docs/ch.so.arp.naturreservate/rrb/rrb_1982-10-26_2858.pdf;https://geo.so.ch/docs/ch.so.arp.naturreservate/rrb/rrb_1999-03-15_515.pdf;https://geo.so.ch/docs/ch.so.arp.naturreservate/rrb/rrb_1972-05-02_2443.pdf;https://geo.so.ch/docs/ch.so.arp.naturreservate/rrb/rrb_1983-08-30_2492.pdf;https://geo.so.ch/docs/ch.so.arp.naturreservate/rrb/rrb_1975-09-26_5392.pdf;https://geo.so.ch/docs/ch.so.arp.naturreservate/rrb/rrb_1974-11-19_6483.pdf,
9.04,Glitzersteinhöhle,silent,caution,https://geo.so.ch/docs/ch.so.arp.naturreservate/rrb/rrb_1999-03-15_515.pdf;https://geo.so.ch/docs/ch.so.arp.naturreservate/rrb/rrb_1983-10-31_3034.pdf,
10.08,Wisigweid,banned,restricted,https://geo.so.ch/docs/ch.so.arp.naturreservate/rrb/rrb_1988-08-16_2432.pdf;https://geo.so.ch/docs/ch.so.arp.naturreservate/rrb/rrb_1999-03-15_515.pdf," chutzbestimmungen: santiiche Handlungen, die dem Schutzziel widersprechen, sind intersagt, insbesondere das.:Campieren und Anzunden von Feuern das Wegwerfen, Ablagern oder Einleiten von Abfallen, Materialie"
7.02,Weiher im Zingg,silent,caution,https://geo.so.ch/docs/ch.so.arp.naturreservate/rrb/rrb_1976-12-03_7304.pdf;https://geo.so.ch/docs/ch.so.arp.naturreservate/rrb/rrb_1999-03-15_515.pdf;https://geo.so.ch/docs/ch.so.arp.naturreservate/rrb/rrb_1976-07-16_4313.pdf,
5.07,Wolfsschlucht,silent,caution,https://geo.so.ch/docs/ch.so.arp.naturreservate/rrb/rrb_1999-03-15_515.pdf;https://geo.so.ch/docs/ch.so.arp.naturreservate/rrb/rrb_1945-07-18_3321.pdf;https://geo.so.ch/docs/ch.so.arp.naturreservate/rrb/rrb_1972-05-02_2443.pdf,
2.13,Lochbachschlucht,silent,caution,https://geo.so.ch/docs/ch.so.arp.naturreservate/rrb/rrb_1972-05-02_2446.pdf;https://geo.so.ch/docs/ch.so.arp.naturreservate/rrb/rrb_1999-03-15_515.pdf;https://geo.so.ch/docs/ch.so.arp.naturreservate/rrb/rrb_1945-04-27_1919.pdf,
5.06,Waldreservat Sunnenberg,silent,caution,https://geo.so.ch/docs/ch.so.arp.naturreservate/rrb/rrb_1995-03-07_772.pdf;https://geo.so.ch/docs/ch.so.arp.naturreservate/rrb/rrb_1999-03-15_515.pdf,
3.01,Möösli Witi,silent,caution,https://geo.so.ch/docs/ch.so.arp.naturreservate/rrb/rrb_1999-03-15_515.pdf;https://geo.so.ch/docs/ch.so.arp.naturreservate/rrb/rrb_1972-05-02_2445.pdf;https://geo.so.ch/docs/ch.so.arp.naturreservate/rrb/rrb_1949-12-27_4942.pdf,
4.07,Oeschmatt - Dreispitz,silent,caution,https://geo.so.ch/docs/ch.so.arp.naturreservate/rrb/rrb_1970-12-08_6388.pdf;https://geo.so.ch/docs/ch.so.arp.naturreservate/rrb/rrb_1972-05-02_2444.pdf;https://geo.so.ch/docs/ch.so.arp.naturreservate/rrb/rrb_1999-03-15_515.pdf,
6.01,Urwald-Reservat Vorberg,silent,caution,https://geo.so.ch/docs/ch.so.arp.naturreservate/rrb/rrb_1999-03-15_515.pdf;https://geo.so.ch/docs/ch.so.arp.naturreservate/rrb/rrb_1979-02-21_938.pdf;https://planregister-data.so.ch/public/egerkingen/74-143_145-E.pdf;https://geo.so.ch/docs/ch.so.arp.naturreservate/rrb/rrb_1977-02-11_1006.pdf,
4.05,Mürgelibrunnen,silent,caution,https://geo.so.ch/docs/ch.so.arp.naturreservate/rrb/rrb_1999-03-15_515.pdf;https://geo.so.ch/docs/ch.so.arp.naturreservate/rrb/rrb_1972-05-02_2444.pdf;https://geo.so.ch/docs/ch.so.arp.naturreservate/rrb/rrb_1970-02-27_1009.pdf,
9.03,Lolibachtäli,silent,caution,https://geo.so.ch/docs/ch.so.arp.naturreservate/rrb/rrb_1972-05-02_2439.pdf;https://geo.so.ch/docs/ch.so.arp.naturreservate/rrb/rrb_1999-03-15_515.pdf;https://geo.so.ch/docs/ch.so.arp.naturreservate/rrb/rrb_1945-12-07_5822.pdf,
6.05,Aegerten,banned,restricted,https://geo.so.ch/docs/ch.so.arp.naturreservate/rrb/rrb_1999-07-06_1466.pdf;https://geo.so.ch/docs/ch.so.arp.naturreservate/rrb/rrb_1999-03-15_515.pdf,"che Anlagen sowie Terrainveranderungen soweit sie nicht fur das Erreichen des Schutzzieles notwendig sind das Campieren und Anzunden von Feuem das Wegwerfen, Abiagern oder Einleiten von Abfallen, Materialien"
8.02,Falkensteinweiher,silent,caution,https://geo.so.ch/docs/ch.so.arp.naturreservate/rrb/rrb_1999-03-15_515.pdf;https://geo.so.ch/docs/ch.so.arp.naturreservate/rrb/rrb_1976-01-09_132.pdf,
6.06,Chluserroggen-Ravellen-Roggenschnarz,silent,caution,https://geo.so.ch/docs/ch.so.arp.naturreservate/rrb/rrb_1999-03-15_515.pdf;https://geo.so.ch/docs/ch.so.arp.naturreservate/rrb/rrb_1949-05-24_1916.pdf;https://geo.so.ch/docs/ch.so.arp.naturreservate/rrb/rrb_1972-05-02_2443.pdf;https://geo.so.ch/docs/ch.so.arp.naturreservate/rrb/rrb_1945-07-18_3321.pdf,
7.03,Gunzger Allmend,banned,restricted,https://geo.so.ch/docs/ch.so.arp.naturreservate/rrb/rrb_1999-03-15_515.pdf;https://geo.so.ch/docs/ch.so.arp.naturreservate/rrb/Schutzverfuegung_2012-02-28_430_Anhang_1.pdf;https://geo.so.ch/docs/ch.so.arp.naturreservate/rrb/rrb_2012-02-28_430.pdf,"r markierten Wege und Orte sowie das Reiten • das Mitführen von Hunden und das Laufen lassen von Hunden • das Campieren und das Anzünden von Feuern • das Wegwerfen, Ablagern oder Einleiten von Abfällen, Mate"
10.05,Riedgraben,silent,caution,https://geo.so.ch/docs/ch.so.arp.naturreservate/rrb/rrb_1999-03-15_515.pdf;https://geo.so.ch/docs/ch.so.arp.naturreservate/rrb/rrb_1945-01-09_119.pdf;https://geo.so.ch/docs/ch.so.arp.naturreservate/rrb/rrb_1971-07-13_3817.pdf;https://geo.so.ch/docs/ch.so.arp.naturreservate/rrb/rrb_1972-05-02_2438.pdf,
2.08,Aarelauf,silent,caution,https://geo.so.ch/docs/ch.so.arp.naturreservate/rrb/rrb_1999-03-15_515.pdf;https://geo.so.ch/docs/ch.so.arp.naturreservate/rrb/rrb_1972-08-22_4486.pdf,
5.08,"Waldgebiet ""Glatte Steine""",silent,caution,https://geo.so.ch/docs/ch.so.arp.naturreservate/rrb/rrb_1999-03-15_515.pdf,
8.11,Hutzlenweiher (Eisweiher),silent,caution,https://geo.so.ch/docs/ch.so.arp.naturreservate/rrb/rrb_1972-05-02_2440.pdf,
1.01,Alpensegler Brutkolonien,silent,caution,https://geo.so.ch/docs/ch.so.arp.naturreservate/rrb/rrb_1999-03-15_515.pdf;https://geo.so.ch/docs/ch.so.arp.naturreservate/rrb/rrb_1950-12-29_5128.pdf;https://geo.so.ch/docs/ch.so.arp.naturreservate/rrb/rrb_1972-05-02_2447.pdf,
7.04,Tüfelsschlucht,silent,caution,https://geo.so.ch/docs/ch.so.arp.naturreservate/rrb/rrb_1999-03-15_515.pdf;https://geo.so.ch/docs/ch.so.arp.naturreservate/rrb/rrb_1951-12-22_5376.pdf;https://geo.so.ch/docs/ch.so.arp.naturreservate/rrb/rrb_1972-05-02_2441.pdf,
8.01,Lammet,silent,caution,https://geo.so.ch/docs/ch.so.arp.naturreservate/rrb/rrb_1975-11-21_6618.pdf;https://geo.so.ch/docs/ch.so.arp.naturreservate/rrb/rrb_1989-12-05_3888.pdf;https://geo.so.ch/docs/ch.so.arp.naturreservate/rrb/rrb_1999-03-15_515.pdf,
1.02,Aareufer Mutten,silent,caution,https://planregister-data.so.ch/public/solothurn/1-261-S.pdf;https://planregister-data.so.ch/public/solothurn/1-260_268-E.pdf;https://planregister-data.so.ch/public/solothurn/1-261-P.pdf,
2.11,Martinsfluh - Einsiedelei - Kreuzen,banned,restricted,https://planregister-data.so.ch/public/ruettenen/16-64-S.pdf;https://planregister-data.so.ch/public/ruettenen/16-64-E.pdf;https://planregister-data.so.ch/public/ruettenen/16-64-P.pdf,"duhnAbtimngeresens Naturschtzesund derNherhlng sowe e forirtschftichen undaneren, natuverrgliche utzungen Das Campierenund dasBauenvonHottensowie ds Anznden von Fevem sserhalb der Im Gestaltungsplan Martinsf"
2.17,Biedermannsgrube,banned,restricted,https://planregister-data.so.ch/public/feldbrunnen-st-niklaus/5-48-S.pdf;https://planregister-data.so.ch/public/feldbrunnen-st-niklaus/5-48-E.pdf;https://planregister-data.so.ch/public/feldbrunnen-st-niklaus/5-48-P.pdf,von Jahrzu anr den Amphibien derKcordinationsstelle furAnphiieund Reptilinschutz n dr Schweiz (karch） bor Das Campieren und das Bauen von Hutlen sowie das AnzUncen von Fevem. ppe p Haufen deponieren. Das Bef
4.04,Inkwilersee,silent,caution,https://planregister-data.so.ch/public/bolken/44-19-S.pdf;https://planregister-data.so.ch/public/bolken/44-19-E.pdf;https://planregister-data.so.ch/public/bolken/44-19-P.pdf,
8.04,Grien,silent,caution,https://planregister-data.so.ch/public/erlinsbach/101-39-S.pdf;https://planregister-data.so.ch/public/erlinsbach/101-39-E.pdf;https://planregister-data.so.ch/public/erlinsbach/101-39-P.pdf,
9.01,Bäramsleweiher,silent,caution,https://geo.so.ch/docs/ch.so.arp.naturreservate/rrb/rrb_1999-03-15_515.pdf,
10.02,Stritternweiher,silent,caution,https://geo.so.ch/docs/ch.so.arp.naturreservate/rrb/rrb_1999-03-15_515.pdf,
5.04,Holzflue - Ruine Neu-Falkenstein,silent,caution,https://planregister-data.so.ch/public/balsthal/66-161-S.pdf;https://planregister-data.so.ch/public/balsthal/66-161-E.pdf;https://planregister-data.so.ch/public/balsthal/66-161-P.pdf,
8.07,Weiermätteli,silent,caution,https://geo.so.ch/docs/ch.so.arp.naturreservate/rrb/rrb_1999-03-15_515.pdf,
9.1,Flühtal,banned,restricted,https://planregister-data.so.ch/public/hofstetten-flueh/115-115-S.pdf;https://planregister-data.so.ch/public/hofstetten-flueh/115-114_115-E.pdf;https://planregister-data.so.ch/public/hofstetten-flueh/115-115-P.pdf,le notwendig sind; Die einmaligen Kosten für die Errichtung des Reservates und den jährlichen Unterhalt D Das Campieren; werden zu je 50 °/o durch die Gemeinde Hofstetten-Fiüh und durch den Ka~ton (Amt_ für 
2.19,Juragarten,silent,caution,https://planregister-data.so.ch/public/oberdorf/RRB_1977_4460.pdf,
