ordinance_no,name,scan,app_level,url,excerpt
712d,Verordnung zum Schutz des Mettlenmooses,banned,restricted,https://srl.lu.ch/app/de/texts_of_law/712d,"reizeiteinrichtungen, Feuerund Cheminéeanlagen, Mauern, feste Einfriedungen, Flosse, Bojen, Fischereianlagen, Zelte und Wohnwagen, c. Terrainveränderungen, Aufschüttungen, Abgrabungen, Ablagerungen aller A"
711d,Verordnung zum Schutz des Rotsees und seiner Ufer,banned,restricted,https://srl.lu.ch/app/de/texts_of_law/711d,"fügen, d. Terrainveränderungen jeder Art vorzunehmen, e. Dünger oder Pflanzenschutzmittel auszubringen, f. zu campieren oder zu zelten, g. abseits von bewilligten Feuerstellen Feuer zu entfachen. 2 Vorbehalt"
714a,Verordnung zum Schutz des Hangmoors im Gitzitobel,banned,restricted,https://srl.lu.ch/app/de/texts_of_law/714a,raben und Ausreissen von Pflanzen jeder Art; 2. das Ablagern von Materialien jeder Art; 3. das Aufstellen von Zelten und dergleichen; 4. das Anzünden von Feuern; 5. jede Düngung. § 5 * Nutzung 1 Die landwir
711g,Verordnung zum Schutz des Tutensees und seiner Umgebung,banned,restricted,https://srl.lu.ch/app/de/texts_of_law/711g,", Mauern, feste Einfriedungen (ohne einfache landwirtschaftliche Viehzäune), Flösse, Fischereianlagen, Stege, Zelte, Wohnwagen, c. Terrainveränderungen jeder Art, namentlich Ablagerungen, Aufschüttungen (e"
711,Verordnung zum Schutz des Baldegger- und des Hallwilersees und ihrer Ufer,banned,restricted,https://srl.lu.ch/app/de/texts_of_law/711,"inée-Anlagen, Mauern, feste Einfriedungen (ohne Weidezäune), Flosse, Bojen, Bade-, Bootsund Fischereianlagen, Zelte und Wohnwagen, c. Terrainveränderungen wie Abgrabungen, Aufschüttungen einschliesslich la"
711b,Verordnung zum Schutz des Mauensees und seiner Ufer,banned,restricted,https://srl.lu.ch/app/de/texts_of_law/711b,"gut unterhalten werden. Ungenügend unterhaltene oder nicht mehr benützte Anlagen sind zu beseitigen. § 6bis * Campieren 1 Das Aufstellen von Wohnwagen, Zelten und dergleichen ist im geschützten Gebiet unters"
712b,Verordnung zum Schutz der Wässermatten an der Rot,banned,restricted,https://srl.lu.ch/app/de/texts_of_law/712b,"sten, Masten, Freileitungen, Reklameund Freizeiteinrichtungen, Mauern, feste Einfriedungen (ohne Weidezäune), Zelte und Wohnwagen, c. Terrainveränderungen wie Abgrabungen, Aufschüttungen einschliesslich la"
713b,Verordnung zum Schutz der Weiherlandschaft Hagimoos,banned,restricted,https://srl.lu.ch/app/de/texts_of_law/713b,"anlagen, Mauern, feste Einfriedungen (ohne einfache landwirtschaftliche Viehzäune), Flösse, Fischereianlagen, Zelte, Wohnwagen, c. Terrainveränderungen jeder Art, namentlich Ablagerungen, Aufschüttungen (e"
713c,Verordnung zum Schutz der Schrattenflue,banned,restricted,https://srl.lu.ch/app/de/texts_of_law/713c," und der Fischerei bleibt im Rahmen der entsprechenden gesetzlichen Bestimmungen gewährleistet. § 11 * … § 12 Campieren 1 Das Aufstellen von Wohnwagen, Zeltdörfern und länger am gleichen Ort verbleibenden Ze"
716,Verordnung über den Pflanzenschutz im Pilatusgebiet,silent,caution,https://srl.lu.ch/app/de/texts_of_law/716,
713,Verordnung zum Schutz der Weiherlandschaft Ostergau,banned,restricted,https://srl.lu.ch/app/de/texts_of_law/713,", Mauern, feste Einfriedungen (ohne einfache landwirtschaftliche Viehzäune), Flösse, Fischereianlagen, Stege, Zelte, Wohnwagen, Abdeckungen aller Art, c. Terrainveränderungen jeder Art, namentlich Ablageru"
712,Verordnung zum Schutz des Steinibachriedes,banned,restricted,https://srl.lu.ch/app/de/texts_of_law/712,"ngen, Feuerund Cheminéeanlagen, Mauern, feste Einfriedungen, Flosse, Bojen, Bade-, Bootsund Fischereianlagen, Zelte und Wohnwagen, c. Terrainveränderungen, Aufschüttungen, Abgrabungen, Ablagerungen aller A"
712a,Verordnung zum Schutz des Breitenacherriedes,banned,restricted,https://srl.lu.ch/app/de/texts_of_law/712a,"asten, Freileitungen, festen Einfriedungen und Reklamevorrichtungen errichtet werden. 2 … * § 6 Ablagerungen, Campieren 1 Im geschützten Gebiet sind verboten: a. das Ablagern von Materialien jeder Art, wie S"
713a,Verordnung zum Schutz der Weiherlandschaft im Uffikoner-Buchser Moos,banned,restricted,https://srl.lu.ch/app/de/texts_of_law/713a,"ngen, Feuerund Cheminéeanlagen, Mauern, feste Einfriedungen, Flosse, Bojen, Bade-, Bootsund Fischereianlagen, Zelte und Wohnwagen, c. Terrainveränderungen, Aufschüttungen, Abgrabungen, Ablagerungen aller A"
714b,Verordnung zum Schutz des Wauwilermooses,banned,restricted,https://srl.lu.ch/app/de/texts_of_law/714b,"blagern von Materialien jeder Art wie Schutt, Kehricht, Motorfahrzeuge und dergleichen; 2. das Aufstellen von Zelten, Wohnwagen und dergleichen. § 10 Nutzung 1 Die ordentliche landwirtschaftliche Nutzung un"
711,Verordnung zum Schutz des Baldegger- und des Hallwilersees und ihrer Ufer,banned,restricted,https://srl.lu.ch/app/de/texts_of_law/711,"inée-Anlagen, Mauern, feste Einfriedungen (ohne Weidezäune), Flosse, Bojen, Bade-, Bootsund Fischereianlagen, Zelte und Wohnwagen, c. Terrainveränderungen wie Abgrabungen, Aufschüttungen einschliesslich la"
711e,Verordnung zum Schutz des Soppensees und seiner Umgebung,banned,restricted,https://srl.lu.ch/app/de/texts_of_law/711e," und Garten nötigen Vorkehren sind zulässig; die landund forstwirtschaftliche Nutzung ist gewährleistet. § 13 Camping, Wohnwagen 1 Das Aufstellen von Wohnwagen, Zelten und dergleichen ist im ganzen Schutzgeb"
714c,Verordnung zum Schutz der Chestenenweid,banned,restricted,https://srl.lu.ch/app/de/texts_of_law/714c,"irtschaftlichen Nutzung der oberhalb und seitlich des Naturschutzgebietes liegenden Wälder. § 6 Ablagerungen, Campieren 1 Im ganzen Naturschutzgebiet sind verboten: a. das Ablagern von Materialien jeder Art "
716a,Verordnung über den Pflanzenschutz im Rigigebiet,silent,caution,https://srl.lu.ch/app/de/texts_of_law/716a,
711c,Verordnung zum Schutz des Sempachersees und seiner Ufer,banned,restricted,https://srl.lu.ch/app/de/texts_of_law/711c,"mit Hecken oder Lebhägen zum Zweck der Erholungsnutzung zu unterteilen x x x abseits von Wegen zu reiten x zu campieren oder zu zelten, d.h. Wohnwagen, Wohnmobile, Zelte oder dergleichen aufzustellen, einzur"
