decision_no,site,decision_scan,app_level,decision_url,excerpt
451.111,Aletschwald,banned,restricted,https://lex.vs.ch/app/fr/texts_of_law/451.111," la sortie des chemins balisés, l'allumage de feu, le dépôt ou l'enterrement de déchets; k) l'installation de tentes et le camping; l) l'utilisation de bicyclettes et de véhicules de tous genres, la pénétra"
451.112,Märjelen,silent,caution,https://lex.vs.ch/app/fr/texts_of_law/451.112,
451.113,Colline de Rawyr,silent,caution,https://lex.vs.ch/app/fr/texts_of_law/451.113,
451.114,Forêt de Derborence,banned,restricted,https://lex.vs.ch/app/fr/texts_of_law/451.114,"en particulier d'effectuer des constructions quelconques, d'extraire des matériaux, de faire des fouilles, de bivouaquer, de faire du feu, d'abandonner tout déchet et, sauf pour les bordiers, de pénétrer avec"
451.115,Burghügel in Raron,silent,caution,https://lex.vs.ch/app/fr/texts_of_law/451.115,
451.116,Kapelle Bettmeralp,silent,caution,https://lex.vs.ch/app/fr/texts_of_law/451.116,
451.117,Vieux-Emosson,silent,caution,https://lex.vs.ch/app/fr/texts_of_law/451.117,
451.118,Vallée de la Borgne,silent,caution,https://lex.vs.ch/app/fr/texts_of_law/451.118,
451.119,Mont d'Orge,silent,caution,https://lex.vs.ch/app/fr/texts_of_law/451.119,
451.120,Pfynwald,banned,restricted,https://lex.vs.ch/app/fr/texts_of_law/451.120, sur les parcours spécifiquement désignés dans les concepts selon article 4 alinéa 2: a) allumer des feux; b) camper; c) déposer ou déverser des matériaux de tout type; d) se baigner; e) pratiquer du canota
451.121,Achera Biela,banned,restricted,https://lex.vs.ch/app/fr/texts_of_law/451.121,ate indiquée par l'ordonnance sur les paiements directs pour les prairies peu intensives et extensives; i) le camping; j) l'utilisation sportive allant à l'encontre du site protégé; k) l'allumage de feux et 
451.313,Frühlingsteufelsauge,silent,caution,https://lex.vs.ch/app/fr/texts_of_law/451.313,
451.314,Anémones soufrées et gentianes de Crans-Montana,silent,caution,https://lex.vs.ch/app/fr/texts_of_law/451.314,
451.315,Kalberweid,silent,caution,https://lex.vs.ch/app/fr/texts_of_law/451.315,
451.320,Poutafontana,silent,caution,https://lex.vs.ch/app/fr/texts_of_law/451.320,
451.321,Lac de Morgins,banned,restricted,https://lex.vs.ch/app/fr/texts_of_law/451.321,d'espèces animales ou végétales; q) la cueillette des plantes; r) la capture des animaux; s) la chasse; t) le camping; u) le lâchage des chiens (les chiens seront tenus en laisse). 2 Sont en outre interdits 
451.322,Marais d'Ardon et Chamoson,banned,restricted,https://lex.vs.ch/app/fr/texts_of_law/451.322,"'épandage d'engrais naturels ou artificiels; e) l'extraction et le dépôt de matériaux; f) la mise en place de tentes, caravanes et autres abris; g) le parcage et le lavage de véhicules; h) le feu; i) la nav"
451.323,Les Rigoles,silent,caution,https://lex.vs.ch/app/fr/texts_of_law/451.323,
451.324,Moosalpe,silent,caution,https://lex.vs.ch/app/fr/texts_of_law/451.324,
451.325,La Maraîche de Plex,entry,restricted,https://lex.vs.ch/app/fr/texts_of_law/451.325,e d'engrais naturels ou artificiels; b) la pénétration dans le marais; c) la modification des conditions hydrologiques par des dr
451.326,Sand,silent,caution,https://lex.vs.ch/app/fr/texts_of_law/451.326,
451.327,Blasestafel,silent,caution,https://lex.vs.ch/app/fr/texts_of_law/451.327,
451.328,Simplon-Hopschusee und Umfeld,silent,caution,https://lex.vs.ch/app/fr/texts_of_law/451.328,
451.329,Flesch,entry,restricted,https://lex.vs.ch/app/fr/texts_of_law/451.329,des engrais artificiels et naturels; c) la pénétration dans le marais; d) les atteintes à la flore et à la faune; e) l'extension 
451.330,Matte,silent,caution,https://lex.vs.ch/app/fr/texts_of_law/451.330,
451.331,Mutt,silent,caution,https://lex.vs.ch/app/fr/texts_of_law/451.331,
451.332,Marais de Champex,entry,restricted,https://lex.vs.ch/app/fr/texts_of_law/451.332,ion d'espèces végétales ou animales; e) la pénétration dans le marais en dehors des chemins balisés; f) la modification de l'aspe
451.333,Grund,silent,caution,https://lex.vs.ch/app/fr/texts_of_law/451.333,
451.334,Bilderne,banned,restricted,https://lex.vs.ch/app/fr/texts_of_law/451.334," ainsi que les modifications de terrain; f) le prélèvement de gravier, de sable, de blocs ou analogues; g) le camping; h) la pénétration de la zone alluviale avec des véhicules et des vélos de tout genre; i)"
451.335,Chiemadmatte,banned,restricted,https://lex.vs.ch/app/fr/texts_of_law/451.335,us autres travaux allant à l'encontre des buts de protection; g) toute atteinte à la faune et la flore; h) le camping; i) l'épandage d'engrais naturels et chimiques; j) toute activité sportive portant attein
451.336,La Gouille Verte,silent,caution,https://lex.vs.ch/app/fr/texts_of_law/451.336,
451.337,Gletschboden,silent,caution,https://lex.vs.ch/app/fr/texts_of_law/451.337,
451.339,Zwisched Bäch,silent,caution,https://lex.vs.ch/app/fr/texts_of_law/451.339,
451.340,"Albrun, Oxefeld, Blatt",silent,caution,https://lex.vs.ch/app/fr/texts_of_law/451.340,
451.341,Les Epines,silent,caution,https://lex.vs.ch/app/fr/texts_of_law/451.341,
451.342,La Combire,silent,caution,https://lex.vs.ch/app/fr/texts_of_law/451.342,
451.343,Briegerbad,silent,caution,https://lex.vs.ch/app/fr/texts_of_law/451.343,
451.344,L'Echereuse,silent,caution,https://lex.vs.ch/app/fr/texts_of_law/451.344,
451.345,Les Moilles,silent,caution,https://lex.vs.ch/app/fr/texts_of_law/451.345,
451.346,Champoussin,silent,caution,https://lex.vs.ch/app/fr/texts_of_law/451.346,
451.347,Les Esserts,silent,caution,https://lex.vs.ch/app/fr/texts_of_law/451.347,
451.348,Lotrey,banned,restricted,https://lex.vs.ch/app/fr/texts_of_law/451.348,"artificiels, le purinage et les traitements chimiques; g) le déversement des eaux usées; h) le brûlage; i) le camping; j) la pénétration hors des chemins avec des véhicules de tous genres, excepté les véhicu"
451.349,Le Pisa - Ripaille,silent,caution,https://lex.vs.ch/app/fr/texts_of_law/451.349,
451.350,Barme,banned,restricted,https://lex.vs.ch/app/fr/texts_of_law/451.350,"pandage d'engrais naturels ou artificiels, le purinage; f) le brûlage; g) les pique-niques ou les feux; h) le camping; i) le cheminement en dehors du sentier existant; j) la pénétration avec des véhicules de"
451.351,Combioula,silent,caution,https://lex.vs.ch/app/fr/texts_of_law/451.351,
451.352,Ar du Tsan,banned,restricted,https://lex.vs.ch/app/fr/texts_of_law/451.352," animaux, sous réserve des législations spécifiques; n) l’allumage de feux et l’installation de foyers; o) le camping. Art. 5 Dérogations 1 Des autorisations exceptionnelles peuvent être accordées par le Dép"
451.353,Feegletscher,banned,restricted,https://lex.vs.ch/app/fr/texts_of_law/451.353,"ou artificiel, le purinage et les traitements chimiques; g) le déversement d’eaux usées; h) le brûlage; i) le camping; j) la baignade; k) le dépôt de matériel ou de déchets; l) * le parcours hivernal avec de"
451.354,Lac Noir,silent,caution,https://lex.vs.ch/app/fr/texts_of_law/451.354,
452.100,Laggintal,silent,caution,https://lex.vs.ch/app/fr/texts_of_law/452.100,
