nsg_nr,name,decree_scan,app_level,decree_url,excerpt
1,Bözingenberg-Taubenlochschlucht,silent,caution,https://oerebfiles.apps.be.ch/9986/7138/001_Sb_Boezingenberg-Taubenlochschlucht_1974.pdf,
2,Combe-Grède,banned,restricted,https://oerebfiles.apps.be.ch/9986/7138/002_Sb_Combe-Grede_1957.pdf,"f]"" des fleurs, de creuscr et dlarracher des plantes, Ae Uriser,tei branöhes des arbres et des üd;;;r""; c) de camper, de dresser au. tu""läou autres abris, d'amener des roulottes ou ;i;; genie, d'abandonngr "
3,St. Petersinsel -Heidenweg,banned,restricted,https://oerebfiles.apps.be.ch/9986/7138/003_Sb_Petersinsel_DundF_1989.pdf,"on Grillapparaten ausserhalb von Gartenanlagen und markierten offiziellen Feuerstellen; q) das Aufstellen von Zelten, Wohnwaqen, Biwaks und anderen Unterständen; h) das Stören, Fangen. Verletzen oder Töten "
4,Meienriedloch,silent,caution,https://oerebfiles.apps.be.ch/9986/7138/004_Sb_Meienriedloch_1934.pdf,
5,Grimsel,banned,restricted,https://oerebfiles.apps.be.ch/9986/7138/005_Sb_Grimsel_1989.pdf," usw.): e) das Wegwerfen und Liegenlassen von Papier. Büchsen, Flaschen und dgl.; f) das Anzünden von Feuern, Kampieren und das Aufschlagen von Zelten; g) der Verkehr mit Fahrrädern und mit Motorfahrzeugen a"
6,Elfenau,silent,caution,https://oerebfiles.apps.be.ch/9986/7138/006_Sb_Elfenau_1936.pdf,
7,Lörmoos,silent,caution,https://oerebfiles.apps.be.ch/9986/7138/007_Sb_Loermoos_1983.pdf,
8,Spiezberg,banned,restricted,https://oerebfiles.apps.be.ch/9986/7138/008_Sb_Spiezberg_1987.pdf,"ege 1n äng sd esSeeufers ; b ) dasAu fs telIenvonZe lt en , l , lohnwag ue nn dandere nU nterständensowi ed asBiwakiere ni mFreien ; c ) das ! , legwerfe nA,b la gernoderEinleitenvonAbfäl1en ,Mate rj alien"
9,Gwattlischenmoos,silent,caution,https://oerebfiles.apps.be.ch/9986/7138/009_Sb_Gwattlischenmoos_1980.pdf,
10,Derrière la Gruère,banned,restricted,https://oerebfiles.apps.be.ch/9986/7138/010_Sb_Derriere_laGruere_2000.pdf,"rotection; il est interdit: a) d'6niger des constructions ou des installations quelconques; b) de dresser des tentes, d'installer des caravanes ou d'amdnager d'autres abris; c) de faire du feu; d) d'abandon"
11,Weissenau-Neuhaus,banned,restricted,https://oerebfiles.apps.be.ch/9986/7138/011_Sb_Weissenau-Neuhaus_1992.pdf," L i e g e n J - a s s e no d e r A b l a g e r n v o n A b f ä l _ l e n u n d Materialien alJer Art; e) das Campieren,das Aufschlagen von Zelten und andern Unterständen, das Aufstel-Ien von h/ohnuagenl f) "
12,Chlepfibeerimoos,silent,caution,https://oerebfiles.apps.be.ch/9986/7138/012_Sb_Chlepfibeerimoos_1944.pdf,
13,Hohgant-Seefeld,banned,restricted,https://oerebfiles.apps.be.ch/9986/7138/013_Sb_Hohgant-Seefeld_1974.pdf," d ) alleAblagerunge ns owiedasWegwerfe no derLie - genlasse nv onAbfällen ; e ) dasAufstelle nv onWohnwagen ,Zeltenundandern Unterständen; f) das Fahren mit Motorfahrzeugen und Fahrrädern sowiedasParkieren"
14,Fisi-Biberg-Fründen,silent,caution,https://oerebfiles.apps.be.ch/9986/7138/014_Sb_Fisi-Biberg-Fruenden_1944.pdf,
15,Mürgelibrunnen,banned,restricted,https://oerebfiles.apps.be.ch/9986/7138/015_Sb_Muergelibrunnen_1972.pdf,". Im ganzen Schutzgebiet sind untersagt: a) das Errictrten von Bauten, Anlagen und ltrcrken aller Art; b) das Carnpieren, insbesondere das Aufstellen von ZeLten, Idotrnwagen und andern Unterständen; c) d.as TJe"
16,Vieille Birse,banned,restricted,https://oerebfiles.apps.be.ch/9986/7138/016_Sb_Vieille_Birse_1979.pdf,"ec des vdhicules aquatiques quelconques; b) O'6riger des bätiments, des conduites ou d'autres ouvrages; c) de camper, de dresser des tentes ou drautres abris, dtamenerdes roulott.es, de faire du feu; d) Oe "
17,Rotmoos,banned,restricted,https://oerebfiles.apps.be.ch/9986/7138/017_Sb_Rotmoos-Breitwangmoos_1987.pdf,"en , untersagt , nä milc h : a ) DasErrichtenneuerBauten ,Aniage nu noWerk ea ilerArt ; b ) dasAu fs telIenvonZelten , ! , / ohnwague rnr dandererUrnterstände ns owiedasBiwakiere ni mFreien ; c ) dasWegwerf"
18,Seelhofenzopfen,silent,caution,https://oerebfiles.apps.be.ch/9986/7138/018_Sb_Seelhofenzopfen_1953.pdf,
19,Seeliswald,banned,restricted,https://oerebfiles.apps.be.ch/9986/7138/019_Sb_Seeliswald_2004.pdf,"nd die Gewinnung vonRohstoffen; d) dasAnzünden vonFeuernundderGebrauch von Kochapparaten; e) dasAufstellen vonZelten,Wohnwagen undanderenUnterständen; f) das Biwakieren im FreiensowiedasLagern; g) das Befah"
20,Les Pontins,banned,restricted,https://oerebfiles.apps.be.ch/9986/7138/020_Sb_Les_Pontins_2005.pdf,"aysage,en particulier d'emporterde la terre,de la tourbeou des matiörespremiöres; d) d'allumer desfeux; e) de camper,de dresserdes tentes,d'installer des caravanes ou d'am6nager d'autres abris; f) de pratiq"
21,Engstligenfälle,silent,caution,https://oerebfiles.apps.be.ch/9986/7138/021_Sb_Engstligenfaelle_1948.pdf,
22,Lehnfluh,silent,caution,https://oerebfiles.apps.be.ch/9986/7138/022_Sb_Lehnfluh_1950.pdf,
23,Giessbachfälle,silent,caution,https://oerebfiles.apps.be.ch/9986/7138/023_Sb_Giessbachfaelle_1950.pdf,
24,Fanel,banned,restricted,https://oerebfiles.apps.be.ch/9986/7138/024_Sb_Fanel_1967.pdf,"n dieser Fahrzeuge und von Wohnwagen; schulund gewerbsmässigesReiten und Training h) 'der Reitschulen; i) das Campieren, Aufschlagen von ZeIten und andern Unterständen, das Anzünden von Feuern (gemässArt. 10"
25,Felsenheide bei Pieterlen,banned,restricted,https://oerebfiles.apps.be.ch/9986/7138/025_Sb_Felsenheide-Pieterlen_1984.pdf,"fen. untersaqt. nämlich: a) das Errichten vonBauten , l , r / erke nu ndAnlagenaller Art; b ) dasAufsLellenvonZelten , lalohnwag eunn danderenUnterständen ; c ) dashJegwerfen ,AblagernoderEinl - eiLenvonAbf"
26,Gysnauflühe,banned,restricted,https://oerebfiles.apps.be.ch/9986/7138/026_Sb_Gysnaufluehe_2007.pdf,"en des Geländes, insbesondere die Gewinnung von Rohstoffen; d) das Anzünden von Feuern; e) das Aufstellen von Zelten, Wohnwagen und anderen Unterständen; f) das Biwakieren im Freien sowie das Lagern; g) das"
27,Torfhölzli bei Niedermuhlern,silent,caution,https://oerebfiles.apps.be.ch/9986/7138/027_Sb_Torfhoezli-Niedermuhlern_1952.pdf,
28,Mörigenbucht,banned,restricted,https://oerebfiles.apps.be.ch/9986/7138/028_Sb_Moerigenbucht_DundF_1979.pdf,"rsagt: a ) D a s E r r i c h t e n v o n B a u t e n , h / e r k e nu n d A n l a g e n a l I e r Art; b) das Campieren, insbesondere das Aufstellen v o n Z e L t e n , l n / o h n w a g eunn d andern UnLers"
29,Kleiner Moossee,banned,restricted,https://oerebfiles.apps.be.ch/9986/7138/029_Sb_Kl_Moossee_1979.pdf,"en , trlerke nu ndAnlagena1lerArt ; b ) Veränderunge nd esGeländesdurchAufschüttungenoderAbgrabungen ; c ) dasCampierenunddasAnzünde nv onFeuernl Seite 2d) das tr'legwerfen,Ablagern oder Einleiten von Abfäll"
30,Hagneck,banned,restricted,https://oerebfiles.apps.be.ch/9986/7138/030_Sb_Hagneck_1954.pdf,"ie das Ablag'ern von Schutt, Kehricht und dergieichen. b) Jedes Eindringen in das Schilf, das Aufschlagen von Zelten, Anzünden von Feuern, Baden, Laufenlassen von Hunden sowie jede Störung und Beeinträchtig"
31,Lobsigensee,banned,restricted,https://oerebfiles.apps.be.ch/9986/7138/031_Sb_Lobsigensee_2023.pdf,"alien und Flüssigkeiten aller Art; 1/3 e) Veränderungen des Geländes und die Gewinnung von Rohstoffen; f) das Biwakieren und das Aufstellen von Zelten, Wohnwagen und anderen Unterständen; g) Veränderungen "
32,Burgäschisee,banned,restricted,https://oerebfiles.apps.be.ch/9986/7138/032_Sb_Burgaeschisee_1956.pdf,"Befahren des Schilfund Seerosengürtels, das Eindringen in das Schilf und den Seerosengürtel vom Ufer her, das Campieren, Aufschlagen K. L. & Co. AG. - 85. von Zelten, Anzünden von Feuern, das Baden ausserhal"
33,Felseck,silent,caution,https://oerebfiles.apps.be.ch/9986/7138/033_Sb_Felseck_1956.pdf,
35,Gelten-Iffigen,banned,restricted,https://oerebfiles.apps.be.ch/9986/7138/035_Sb_Gelten-Iffigen_1969__Sb_Lauenensee_1995.pdf," von Hunden; c) das Wegwerfen oder Liegenlassen von Bl<pier, Büchsen, Flaschen und Albfällen aHer Art; d) das Campieren, das Aufschlagen von Zelten oder andern Unterständen; e) das Parkieren und Aufstellen v"
36,Burgseeli,banned,restricted,https://oerebfiles.apps.be.ch/9986/7138/036_Sb_Burgseeli_1993.pdf," der Badeanstalt und des bewaldeten Südufers; g) das Anzünden von Feuern; h) d a s A u f s t e . l -l e n von ZeLten, Wohnwagen und anderen Unterständen; i ) das Lagern; j) das Stören, Fangen, Ver.Letzen od"
37,Totes Mädli,banned,restricted,https://oerebfiles.apps.be.ch/9986/7138/037_Sb_Totes_Maedli_1958.pdf,"he Nutzung sowie jedes Pflücken oder Ausgraben und Ausreissen von Pflanzen; c) das Wegnehmen von Erde; d) das Campieren, das Aufschlagen von Zelten oder ähnlichen Einrichtungen ; e) der Verkehr mit Fahrzeuge"
38,Seestrand Lüscherz,banned,restricted,https://oerebfiles.apps.be.ch/9986/7138/038_Sb_Seestrand-Luescherz_1972.pdf,"ndere a) das Errichten von Bauten, Anlagen und Werken aller Art, insbesondere von Bootsund Badestegen; b) das Campieren, das Aufschlagen von Zelten und andern Unterständen, das Aufstellen von Wohnwagen; c) d"
39,Hinteres Lauterbrunnental,banned,restricted,https://oerebfiles.apps.be.ch/9986/7138/039_Sb_Hint_Lauterbrunnental_1960.pdf,"das Wegwerfen und Liegenlassen von Papier, Büchsen, Flaschen und dergleichen; e) das Anzünden von Feuern, das Kampieren und Aufschlagen von Zelten; f) der Verkehr mit Motorfahrzeugen; g) das Parkieren und Au"
40,Gumi,banned,restricted,https://oerebfiles.apps.be.ch/9986/7138/040_Sb_Gumi_Auswil_1980.pdf,"uten, Werken und Anlagen aller Art; b) Veränderungendes Geländes durch Aufschüttungen und Abgrabungen; c ) dasCampierenunddasAnzünde nv onFeuernld) das hlegwerfen, Ablagernoder Einleiten von AbfälJ.en, Mater"
41,Wengimoos,banned,restricted,https://oerebfiles.apps.be.ch/9986/7138/041_Sb_Wengimoos_1961.pdf,"hricht, Feldrücksländen und dergleichen; K. L. Ä Co. AO. - 55. b) das Eindringen in das Sch.ilf und Risrd,das Campieren, Aufschlagen von Zelten, Anzünden von Feuern, Laufenlassen von Hunden, sowie jede Beein"
42,"Stock, Kandersteg",silent,caution,https://oerebfiles.apps.be.ch/9986/7138/042_Sb_Stock_1961.pdf,
43,Alte Aare,banned,restricted,https://oerebfiles.apps.be.ch/9986/7138/043_Sb_Alte_Aare_2009.pdf,"0. Juni. Das Anlegen ist nur an den bezeichneten Einund Auswasserungsstellen gestattet; l) das Aufstellen von Zelten, Wohnwagen und anderen Unterständen; m) das Biwakieren im Freien; n) das Stören, Fangen, "
44,Stauweiher Spiez,banned,restricted,https://oerebfiles.apps.be.ch/9986/7138/044_Sb_Stauweiher_Spiez_1980.pdf,"a u t e n , V J e r k e nu n d A n l a g e n a 1 l e r A r t , die nicht dem Kraf twerkbetrieb dienen; b) das Campieren, das Aufsteflen v o n Z e l t e n , l d o h n u a g e nu n d a n d e r e n U n t e r - "
45,Amletentäli,banned,restricted,https://oerebfiles.apps.be.ch/9986/7138/045_Sb_Amletentaeli_1962.pdf," dergleichen; c) das Liegenlassen von Papier, Konservenbüchsen und ähnlichem; d) das Anzünden von Feuern, das Campieren, das Aufschlagen von Zelten und das Aufstellen von Motorfahrzeugen und Wohnwagen; e) de"
46,Gals,banned,restricted,https://oerebfiles.apps.be.ch/9986/7138/046_Sb_Gals_1963.pdf,"ere auch untersagt: Das Ablagern von Schutt, Kehricht, Feldrückständen oder das Eindringen in das Schilf, das Campieren oder Aufstellen von Zelten, das Fahren, Parkieren und Aufstellen von Motorfahrzeugen od"
47,Grosser Moossee,banned,restricted,https://oerebfiles.apps.be.ch/9986/7138/047_Sb_Grosser_Moossee_2009.pdf,ichneten/befestigtenWege; g) ModellschiffenmitVerbrennungsmotorenu.a.m.); h) derBadeanstalt MoosseedorfundbeimCamping Seerose(nurfurCampingbenutzer); i) dasAnzundenvonFeuernausserhalbdermarkiertenFeuerstelle
48,Aarelandschaft Thun-Bern,banned,restricted,https://oerebfiles.apps.be.ch/9986/7138/048_Sb_Aarelandschaft_1977.pdf,"d Wohnwagen, das Cam- 11. Durch den vorliegenden Beschluss wird die Verordnung des pieren, das Aufstellen von Zelten und Unterstanden aller Art; Regierungsrates uber den Schutz derAarelandschaft Thun-Bern f"
49,Muttli,banned,restricted,https://oerebfiles.apps.be.ch/9986/7138/049_Sb_Muttli_1964.pdf,"nd andern Werken und Anlagen sowie das Ablagern von Schutt, Kehricht, Feldrückständen und dergleichen; b) das Campieren, Aufschlagen von Zelten, das Aufstelien von Fahrzeugen und Wohnwagen, das Anzünden von "
50,Meienmoos,banned,restricted,https://oerebfiles.apps.be.ch/9986/7138/050_Sb_Meienmoos_1964.PDF,"d in der Vegetation, däs Ablagern von Schutt, Kehricht, Feldrückständen und andere Besitzesstörungen ; b) das Campieren, Aufschlagen von Zelten, das Aufstellen von Wohnwagen und andern Fahrzeugen, das Anzünd"
51,Martisberg,silent,caution,https://oerebfiles.apps.be.ch/9986/7138/051_Sb_Martisberg_1964.PDF,
52,Gerzensee,banned,restricted,https://oerebfiles.apps.be.ch/9986/7138/052_Sb_Gerzensee_1965.pdf,"on herbeiführen können; e) das Eindringen in das Schilf durch tlnbefugte, das Anzünden von Feuern,, jegliches Campieren, Aufschlagen von Zelten und Abstellen von Wohnwagen; f) jede Beeinträchtigung der Tierw"
53,Fräschels-Weiher,banned,restricted,https://oerebfiles.apps.be.ch/9986/7138/053_Sb_Fraeschelsweiher_1966.PDF,"rch Bauten und andere Anlagen und Werke, die nicht durch die landwirtschaftliche Nutzung bedingt sind; b) qa! Campieren, insbesondere da_sAufschlagen von ZeIten und das Aufstellen von Wohnwagen; c) das Ablag"
54,Pâturage du Jorat,banned,restricted,https://oerebfiles.apps.be.ch/9986/7138/054_Sb_Paturage_duJorat_1965.PDF," bicyclettes en dehors de Ia route du Jorat et de cette route au stand de tir, pour I'exercice de tirs; d) de camper, de dresser des tentes ou d'am6nager d'autres abris, d'amener des roulottes ou autres v6h"
55,Sense-Schwarzwasser,banned,restricted,https://oerebfiles.apps.be.ch/9986/7138/055_Sb_Sense-Schwarzwasser_2010.pdf,"das Abseilen an den Molassewänden, ausserhalb der dafür speziell bezeichneten und bewilligten Stellen; e) das Campieren ausserhalb der von den Gemeinden mit Zustimmung der Abteilung Naturförderung festgelegt"
56,Niederried-Oltigenmatt,banned,restricted,https://oerebfiles.apps.be.ch/9986/7138/056_Sb_Niederried-Oltigenmatt_2013.pdf,"uldern und Abseilen; j) das Anzünden von Feuern ausserhalb der bezeichneten Rastplätze; k) das Aufstellen von Zelten, Wohnwagen und anderen Unterständen; I) das Biwakieren; m)das Stören, Fangen, Verletzen o"
57,Schwanderlauene,banned,restricted,https://oerebfiles.apps.be.ch/9986/7138/057_Sb_Schwanderlauene_1980.PDF," untersagt, insbesondere: a ) Das Erstellen nnd Anlaqen jeder Art ; von Bauten, l,n/erkeu b ) dasAufstellenvonZelten , Wohnvaqe nu ndandernUnterständen ; c ) daslnlequerfen , Liegenlasisie no derAblagernvon"
58,Suldtal,banned,restricted,https://oerebfiles.apps.be.ch/9986/7138/058_Sb_Suldtal_1968.PDF,"unden; d) das Wegwerfen oder Liegenlassen von Papier, Büchsen, Flaschen und dergieichen; K.L.&Co.AG-65 e) das Campieren, das Aufschlagen von Zelten oder andern Unterständen; f) das Parkieren und Aufstellen s"
59,Bermoos,banned,restricted,https://oerebfiles.apps.be.ch/9986/7138/059_Sb_Bermoos_1968.PDF," Nutzung vorbehalten; es dürfen insbesondere keinerlei Bauten oder Ablagerungen erfolgen und keine Wohnwagen, Zelte oder andere Unterstände aufgestellt werden. 6. In besondern Fä11en kann die Forstdirektio"
60,Jägglisglunte,banned,restricted,https://oerebfiles.apps.be.ch/9986/7138/060_Sb_Jagglisglunte_1978.PDF,"ctren Zustandes untersagt, insbesondere : a) Das Errjchten won Bauten, Anlagen und Werken al-J.er Art; b) das Campieren, das Aufsctrlagen won ZeTten und andern Unterst?inden, das AufstelJen von lJohnwagen; c"
61,Wyssensee,banned,restricted,https://oerebfiles.apps.be.ch/9986/7138/061_Sb_Wyssensee_1986.PDF," , untersagt , nä milc h : a) dasErrichtenvonneue nB auten ,Werke nu ndAnlage na 11erArt ; b) dasAufstellenvonZelten , Wohnwag eunn dandere nU nterständensowiedasBiwakiere ni mFreien ; c) dasl , Jegwerf eA "
62,Inser Torfstich,banned,restricted,https://oerebfiles.apps.be.ch/9986/7138/062_Sb_InserTorfstich_1975.PDF,"Laufenlasse nv onHunden ; d ) Ablagerunge na llerArtsowiedasWegwerfe no derLiegenlasse vno nAbfällen ; e ) dasCampierend, asAufstelle nv onWohnwagenZ , elten und Unterständen alle rA rt ; f ) dasAnzünde nv o"
63,Twannbachschlucht-Sunneflue,banned,restricted,https://oerebfiles.apps.be.ch/9986/7138/063_Sb_Twannbachschlucht_1968.pdf,"elt, namentlich das Wegnehmen und Zerstören von Nestern und Gelegen sowie das Sammeln von Kleintieren; e) das Campieren, das Aufstellen von Zelten und andern Unterständen, das Anzünden von Feuern. 4. Vorbeha"
64,Lyssbach,silent,caution,https://oerebfiles.apps.be.ch/9986/7138/064_Sb_Lyssbach_1969.PDF,
65,Lindental,banned,restricted,https://oerebfiles.apps.be.ch/9986/7138/065_Sb_Lindental_2009.pdf,"aufen,untersagt,insbesondere: a)das Errichten von Bauten, Werken und Anlagen aller Art; (q das Aufstellen von Zelten, Wohnwagen und anderen Unterstanden; c) das Wegwerfen, Ablagern oder Einleiten von Abfall"
66,Erlimoos,banned,restricted,https://oerebfiles.apps.be.ch/9986/7138/066_Sb_Erlimoos_1969.pdf,"et sind verboten: a) das Wegwerfen, Liegenlassen oder Ablagern von AbfäIIen und Materialien aller Art; b) das Campieren, insbesondere das Aufschlagen von Zelten oder das Aufstellen von Wohnwagen. 5. Die inne"
67,Chaltenbrunnen-Wandel,banned,restricted,https://oerebfiles.apps.be.ch/9986/7138/067_Sb_Chaltenbrunnen_1971.PDF,": a) das Erstellen von Bauten, Leitungen und Anlagen aller Art, unter Vorbehalt von Ziffer 6 hiernach; b) das Campieren, das Aufstellen von Ze1ten und Unterständen aller Art; c) das Wegwerfen, Liegenlassen u"
68,Pâturage de la Côte,banned,restricted,https://oerebfiles.apps.be.ch/9986/7138/068_Sb_Paturage_delaCote_1982.PDF,"ection; il est interdit: /2 a) d'6riger des constructions ou des installations quelconques; b) de dresser des tentes, drinstaller des caravanes ou d'amdnager dtautres abris; c) drabandonner,de d6poser ou d'"
69,Ziegelmoos-Islerendüne,banned,restricted,https://oerebfiles.apps.be.ch/9986/7138/069_Sb_Ziegelmoos_1975.PDF,"r ed erNesterundGelegederVögel , dasFange no derTötenvonTiere nj ederArt , dasLaufenlassen von Hunden; f ) dasCampiere nd , asAufstelle nv onWohnwagenZ , elten und andern Unterständend , as Anzünden von Feue"
70,Siehenmoos,entry,restricted,https://oerebfiles.apps.be.ch/9986/7138/070_Sb_Siehenmoos_2005.PDF,"ntersagt, i de nsbeson re: a) das Betreten; b) das Beweiden sowiejeglicheanderelandwirtschaftlicheoderg"
71,"Widi, Grächwil",banned,restricted,https://oerebfiles.apps.be.ch/9986/7138/071_Sb_Widi_1970.PDF,"ung vorbehalten; es dürfen namentlich keinerlei Bauten, Werke oder Ablagerungen erfolgen und keine Wohnwagen, Zelte oder andere Unterstände auf gestellt werden. 6. In besonderen Fällen kann die Forstdirekt"
72,Vogelraupfi,banned,restricted,https://oerebfiles.apps.be.ch/9986/7138/072_Sb_Vogelraupfi_1970.PDF,") jegliche Ablagerungen sowie das Wegwerfen oder Liegenlassen von Abfällen, K . L . & C o .A G . - 6 5 e) das Campieren, das Aufstellen von Zelten oder andern Unterständen, das Anzünden von Feuern, f) das La"
73,Grube Müntschemier,banned,restricted,https://oerebfiles.apps.be.ch/9986/7138/073_Sb_Grube_Muentschemier_2012.pdf," Schutzzielen zuwiderlaufen, untersagt, insbesondere: a) das Errichten von Bauten, Werken und Anlagen; b) das Biwakieren; c) das Aufstellen von Zelten, Wohnwagen und anderen Unterständen; d) das Betreten d"
75,Ronde Sagne,banned,restricted,https://oerebfiles.apps.be.ch/9986/7138/075_Sb_RondeSagne_2000.pdf,"6lostoutterrain; c) de fairede l'6quitation; d) d'allumer desr6chauds; desfeuxet d'utiliser e) de dresser des tentes, descaravanes d'installer ou d'am6nager d'autresabris; T:\Gs1R.ginrEF96daci.\ARRERO SAdoc"
76,Lenkerseeli,banned,restricted,https://oerebfiles.apps.be.ch/9986/7138/076_Sb_Lenkerseeli_1971.PDF,"ürlichen Zustandes untersagt, insbesonders a) die Errichtung von Bauten, Anlagen und Werken aller Art; b) das Campieren, das Aufschlagen von Zeiten und andern Unterständen, das Aufstellen von Wohnwagen; c) d"
77,Bellelay,banned,restricted,https://oerebfiles.apps.be.ch/9986/7138/077_Sb_Bellelay_2000.pdf,"s_d'_avions inclus; i) d'allumerdes feux et d'utiliserdes r6chaudsen dehors--des emplacements 16serv6s: j) de camper,de dresserdes tentes, d'installerdes caravanesou d'am6nager d'autresabris; k) de d6ranger"
78,Etang de Châtillon,banned,restricted,https://oerebfiles.apps.be.ch/9986/7138/078_Sb_Etang_deChatillon_1982.PDF,"rotection; il est interdit: a) d'driger des constructions ou des installations quelconques; b) de dresser des tentes, d'installer des caravanes ou d'amdnacrer d'autres abris: c) d'abandonner, de ddposer ou "
79,Gondiswilerweiher,banned,restricted,https://oerebfiles.apps.be.ch/9986/7138/079_Sb_Gondiswilerweiher_1972.PDF,"türlichen Zustandes untersagt, insbesondere a) das Errichten von Bauten, Anlagen und Werken aller Art; b) das Campieren, das Aufschiagen von Zelten und andern Unterständen, das Aufstellen von Wohnwagen; c) j"
80,Häftli,banned,restricted,https://oerebfiles.apps.be.ch/9986/7138/080_Sb_Haeftli_1982.PDF,"fen , untersagtrnämlich : a ) dasErrichtenvonBauten , l , lerke nu ndAnlagenalj . erArt ; b ) dasAufstellenvonZelten , l , / ohnurag ue ndanderenUnterständen souie das Bivakieren im Freien; c ) dasI ' iegue"
81,Simmegand,banned,restricted,https://oerebfiles.apps.be.ch/9986/7138/081_Sb_Simmegand_2004.pdf,"r befestigten Wege; c. dasAnzündenvon Feuernin unmittelbarer Nähevon BäumenundSträuchern; d. dasAufstellen vonZelten,Wohnwagen undanderenUnterständen; e. das Stören,Fangen,VerletzenoderTötenvon Tierensowied"
82,Schlossweiher Sumiswald,banned,restricted,https://oerebfiles.apps.be.ch/9986/7138/082_Sb_Schlossweiher_1972.PDF,"r Art' Cie nicht der Landwirtschaft d.ienen; re^ r\ ru^o^ o rr^--i wouyr€r€11 insbesondere das Aufstellen von Zelten, Vohnwagen und and.ern Unterständen; c ) c r . a sV e g v e r f e n , Liegenlassen oder A"
83,Kiesenbach,silent,caution,https://oerebfiles.apps.be.ch/9986/7138/083_Sb_Kiesenbach_1972.pdf,
84,Napf,banned,restricted,https://oerebfiles.apps.be.ch/9986/7138/084_Sb_Napf_1979.pdf,"lagenundWerkenalle rA rt , dienichtderLand - , Alp - undForstwirtscha fsto wiedemHochwasserschutz dienen; bdasCampieren ,dasAufschlagenvonZeltenundandernUnter - ständen ,dasAufstelle nv onWohnwagen ; cdasWeg"
85,Aarestau Wynau,banned,restricted,https://oerebfiles.apps.be.ch/9986/7138/085_Sb_Aarestau_Wynau_1975.PDF,"egenlasse vno nAbfällen ; d ) dasErstelle nv onBautenundAnlage nj ederArtso - wiedasAufstelle nv onWohnwagen ,Zeltenundan - dern Unterständen; e ) dasAnzünde nv onFeuern ; f ) dasLaufenlasse vno nHunden . 4"
86,Engstlensee-Jungibäche-Achtelsass,banned,restricted,https://oerebfiles.apps.be.ch/9986/7138/086_Sb_Engstlensee_2012.pdf,"Teilzonenplan im Einvernehmen mit der Abteilung Naturförderung markierten Feuerstellen; g) das Aufstellen von Zelten, Wohnwagen und anderen Unterständen; h) das Biwakieren im Freien sowie das Lagern mit Aus"
87,Les Chaufours,banned,restricted,https://oerebfiles.apps.be.ch/9986/7138/087_Sb_LesChaufures_1974.PDF,"tres ouvrages; e) de d{poser des d6combres, des ordures et dc la terrc ou autres d6chets dc tout genre; f) de camper, de dresser des tentes ou autres abris, dlamener dec roulottes et arires v6hicules, dc fa"
88,Mülau-Radelfingenau,banned,restricted,https://oerebfiles.apps.be.ch/9986/7138/088_Sb_Muehlau-Radelfingenau_2016.pdf," ausser zu landund forstwirtschaftliehen Zwecken; d) das Parkieren von Motorfahrzeugen; e) das Aufstellen von Zelten, Wohnwagen und anderen Unterständen; f) das Laufenlassen von Hunden. Diese sind an der Le"
89,Hurst,banned,restricted,https://oerebfiles.apps.be.ch/9986/7138/089_Sb_Hurst_1974.PDF,"Liegenlassen oder Wegwerfen von Abfäl1en; c ) das Befahren der l{aldwege ; d) das Aufstellen von l,Iohnwagen, Zelten oder andern Unterständen sowie das Campieren; e ) das Anzünden von Feuern; f) d,as Beunru"
90,Etang du Pâturage de Sagne,banned,restricted,https://oerebfiles.apps.be.ch/9986/7138/090_Sb_Etang_Paturage_deSagne_1974.PDF,"ires, ainsi que de laisser vag""rrer des c}.iens; d) d.e d6poser des mat6riaux ou d6ch6ts de tout genre; e) de camper, de dresser des tentes ou autreg abris, dlamener des roulottes et autres v6tricules, de f"
91,Hinterburg-Oltscheren,banned,restricted,https://oerebfiles.apps.be.ch/9986/7138/091_Sb_Hinterburg_Oltscheren_1974.PDF,"derlaufeni,nsbe - sonoere: a ) DasErrichte nv onBauten ,Anlage nu ndWerken ; b ) DasAufstelle nv onWohnwagen ,Zeltenundandern Unterständen; c ) AlleAblagerunge ns owiedasWegwerfe no derLie - genlasse nv onA"
92,Tourbière de la Chaux,silent,caution,https://oerebfiles.apps.be.ch/9986/7138/092_Sb_Tourbiere_delaChaux_2000.PDF,
93,"Bruchsee, Jaunpass",silent,caution,https://oerebfiles.apps.be.ch/9986/7138/093_Sb_Bruchsee_1974.PDF,
94,Enggisteinmoos,banned,restricted,https://oerebfiles.apps.be.ch/9986/7138/094_Sb_Enggisteinmoos_1974.PDF,"n 3. fi: S:-'hutzgebiot sind untersagt: a) d.al Errichtcn von Bauten, lierken und Änia6;cn a1l er Art; b) das carrpieren, incbesondere rfas Aufstellcn von zelten, Vohnwagen urd Unterständen; c) das tr{egwerfen,"
95,Rohr Lauenen,banned,restricted,https://oerebfiles.apps.be.ch/9986/7138/095_Sb_Rohr_Launene_1995.PDF," d) das Anzündenvon Feuernim Bereiche von Schilfund Riedgras sowieunterBäumenund Büschen; e) dasAufstellen vonZelten,Wohnwagen undanderenUnterständen, 0 das Stören,Fangen,VerletzenoderTötenvon Tierensowieda"
96,Faverried,silent,caution,https://oerebfiles.apps.be.ch/9986/7138/096_Sb_Faverried.PDF,
97,Erlen,banned,restricted,https://oerebfiles.apps.be.ch/9986/7138/097_Sb_Erlen_1982.PDF,", nämlich: a) das Errichten von Bauten und I'Jerkenaller Art; und anderen Unterständen; b) das Aufstellen von Zelten, hlohnrrragen c) das tleguerfen, Ablagern oder Einleiten von Abfällen, f""laterialien und "
98,Güetital,banned,restricted,https://oerebfiles.apps.be.ch/9986/7138/098_Sb_Guetital_1975.PDF,"'bictsind tlntcriilgt: von Beruten, !'erkcn und Anlagen al1cr '\rt; :r) dai;; Ilrrichte:n dars,!ufstellen von ZeLten, ir:oltnb) d:rs Clinrpieren, insbe.condere hragen uncl andcrn llnterständcn; das Idcgt:er"
99,Dägimoos,banned,restricted,https://oerebfiles.apps.be.ch/9986/7138/099_Sb_Daegimoos_1975.PDF,"urch Drainage oder Abf lus sveränderungen; c) das Errichten von Bauten, Anlagen und lderken a1ler Art; d) das Campieren, Aufschlagen von Zelten und andern Unterstä.nden, das Aufstellen von Wohn\'{agen; e) d."
100,Unterbergental,banned,restricted,https://oerebfiles.apps.be.ch/9986/7138/100_Sb_Unterbergental_1975.PDF,", i n b e g r i f f e nd a s E r r i c h t e n v o n C a m p i n g - plätzensowie das Aufstellenvon Wohnwagen,Zelten und Unterständen a l l e rA r t ; b ) d a s B e s e i t i g e nd e r b e s t e h e n d e "
101,Inser Weiher,banned,restricted,https://oerebfiles.apps.be.ch/9986/7138/101_Sb_Inser_Weiher_1992.pdf,"rtgeräten (Luftmabratzen, Flössen, Modellschiffen u.a.m. ); e) das Anzünden von Feuern; f) das Aufstellen von Zelten, Wohnwagen und anderen Unterständen; g) ä:f;:;: i:n:"":I;"",::iilt*:ä:'i:ä"".':F:i;:,ihI:l h"
102,Leuschelz,banned,restricted,https://oerebfiles.apps.be.ch/9986/7138/102_Sb_Leuschelz_1975.PDF,"rArt , einschliesslic hF eldrück - ständeundSteine , sowiedasLiegenlasse no der Wegwerfenvon Abfällen; e ) dasCampierend, asAufstelle nv onWohnwagenZ , elten und Unterständen alle rA rt ; f ) dasAnzünde nv o"
103,Bir länge Stude,banned,restricted,https://oerebfiles.apps.be.ch/9986/7138/103_Sb_Bir_laengenStude_2009.pdf,"fentlich ausgeschriebenen Sportund Freizeitveranstaltungen; h) das Anzünden von Feuern; i) das Aufstellen von Zelten, Wohnwagen und anderen Unterständen; j) das Biwakieren im Freien; k) das Laufenlassen von"
104,Zihlbrücke,banned,restricted,https://oerebfiles.apps.be.ch/9986/7138/104_Sb_Zihlbruecke_1975.PDF,"rArt , einschliesslic hF eldrück - ständeundSteine , sowiedasLiegenlasse no der Wegwerfenvon Abfällen; e ) dasCampierend, asAufstelle nv onWohnwagenZ , elten und Unterständen alle rA rt ; f ) dasAnzünde nv o"
105,Lätti Gals,banned,restricted,https://oerebfiles.apps.be.ch/9986/7138/105_Sb_Laetti_Gals_1975.PDF,"rArt , einschliesslic hF eldrück - ständeundSteine , sowiedasLiegenlasse no der Wegwerfenvon Abfällen; e ) dasCampierend, asAufstelle nv onWohnwagenZ , elten und Unterständen alle rA rt ; f ) dasAnzünde nv o"
106,Treiten-Weiher,banned,restricted,https://oerebfiles.apps.be.ch/9986/7138/106_Sb_Treitenweiher_1975.PDF,"rArt , einschliesslic hF eldrück - ständeundSteine , sowiedasLiegenlasse no der Wegwerfenvon Abfällen; e ) dasCampierend, asAufstelle nv onWohnwagenZ , elten und Unterständen alle rA rt ; f ) dasAnzünde nv o"
107,Büeltigenweiher,silent,caution,https://oerebfiles.apps.be.ch/9986/7138/107_Sb_Bueeltigenweiher_1975.PDF,
108,Schmittmoos,banned,restricted,https://oerebfiles.apps.be.ch/9986/7138/108_Sb_Schmittmoos_2012.pdf,"und Schädigen von Pflanzen; l) das Einbringen von Pflanzen; m) das Anzünden von Feuern; n) das Aufstellen von Zelten, Wohnwagen und anderen Unterständen sowie das Lagern; o) das Biwakieren im Freien; p) die"
109,Etang de la Praye,banned,restricted,https://oerebfiles.apps.be.ch/9986/7138/109_Sb_Etang_de_la_Praye_D-F_1976.pdf,"terrer des Plantes; e) de perturber ou dtinquidter 1a faune ainsi que de laisser röder dei; ctriens ; f ) cle camper, de dresser des tentes ou autres abris, dlamener des roulottes et autres vdhicules, de fa"
110,Marfeldingenbach,silent,caution,https://oerebfiles.apps.be.ch/9986/7138/110_Sb_Marfeldingenbach_1976.PDF,
111,Kanderdelta,banned,restricted,https://oerebfiles.apps.be.ch/9986/7138/111_Sb_Kanderdelta_2008.pdf,"ugen aller Art; e) das Fahren ausserhalb der befestigten Wege mit Fahrzeugen aller Art; f) das Aufstellen von Zelten, Wohnwagen und anderen Unterständen; g) das Anzünden von Feuern in unmittelbarer Nähe von"
112,La Chaux-d'Abel,banned,restricted,https://oerebfiles.apps.be.ch/9986/7138/112_Sb_Chaux_dAbel_1997.pdf,"usserhalbbefestigterWege; d) das Anzündenvon Feuernund die Venryendung von Kochapparaten e) das Aufstellenvon Zelten,Wohnwagenund anderenUnterständen; f) das Stören,Fangen,Verletzenoder Töten von Tierensowi"
113,Bleiki,banned,restricted,https://oerebfiles.apps.be.ch/9986/7138/113_Sb_Bleiki_1976.PDF,"denWasserhaushalt ; b ) jedeBenützun gz uirgendwelche nZ wecken ,u . a . fürdasParkiere nd , asAufstelle nv onZeltenundandern Unterständen; c ) alleEingriff ei ndiePflanzenwel ti,nsbesonder ed asPflücken ,A"
114,Spillgerten,banned,restricted,https://oerebfiles.apps.be.ch/9986/7138/114_Sb_Spillgerten_1976.PDF,"t - schaftlich eN utzun ge rforderlich : 3 . 1DieErrichtun gv onBauten , WerkenundAnlagenalle rA rt ; 3 . 2dasCampieren , insbesonder ed asAufstellenvonZelten ,ander nU nterstände nu ndWohnwagen ; 3 . 3dasFa"
115,Wierezwilweiher,banned,restricted,https://oerebfiles.apps.be.ch/9986/7138/115_Sb_Wierezwilweiher_1977.PDF,"ichen Zu:tandes unter;agt, insbesondere: -./erken ailer Art; a) lr-: Irrichten vcn Bauten, Aniagen und b) dac Canpieren, das Aufschlagen von Zelten uno andern UnterstänCen, das Aufstellen von rJohnl'.Iagen; c)"
116,"Grubenseeli, Koppigen",banned,restricted,https://oerebfiles.apps.be.ch/9986/7138/116_Sb_Grubenseeli_Koppigen_1977.PDF,"ngen 3. trm Schutzgebiet sind untersagt: '{,Ierken a11er Art; a) da: Drrichten von Pauten, und Anlagen b) da; Campieren, insbesondere das Äufstellen von Zelten, ldohn- 'rrägen trnd Unterständen sowie das Anz"
117,Gantrischseeli,banned,restricted,https://oerebfiles.apps.be.ch/9986/7138/117_Sb_Gantrischseeli_1977.PDF,"ungen 3. I m Schutzgebiet sind untersagt: a ) Das Errichten von Bauten, Werken und Anlagen aller Art; b ) das Campieren, insbesondere das Aufstellen von Zelten, l{ohnwagen und Unterständen; c) das Wegwerfen,"
118,Bleienbacher Torfsee und Sängeliweiher,banned,restricted,https://oerebfiles.apps.be.ch/9986/7138/118_Sb_Bl_Torfsee-Saengeliweiher_1977.PDF,"rgendwelche nM aterialie ns owiedasWegwerfe no derLiegenlassen von Abfällen; c ) dasAufstelle nv onWohnwagen ,Zeltenundandern Unterständen; d ) dasAnzünde nv onFeuer na usserhal bd erbezeichne - ten Stellen"
119,Chrüzflue-Brächerflue,banned,restricted,https://oerebfiles.apps.be.ch/9986/7138/119_Sb_Chruezflue-Braecherflue_1977.PDF,"uten und Anlagen aller Art; c) das Wegwerfen, Liegenlassen oder Ablagern von Abfallen und Materialien; d) das Campieren, das Aufstellen von Zelten und andern Unterstanden, das Anzunden von Feuern; e)das Pflu"
120,Amsoldinger- und Übeschisee,banned,restricted,https://oerebfiles.apps.be.ch/9986/7138/120_Sb_Amsoldingen-Uebeschisee_2005.PDF,"usgraben undSchädigen vonPflanzen; n) dasEinbringen vonPflanzen; o) dasAnzünden vonFeuern; p) dasAufstellenvonZelten,Wohnwagen undanderenUnterständen sowiedas Lagern; q) dasBiwakieren im Freien; r) dasReite"
121,Hindtemösli,silent,caution,https://oerebfiles.apps.be.ch/9986/7138/121_Sb_Hindtemoesli_1977.PDF,
122,Ägelseemoor,banned,restricted,https://oerebfiles.apps.be.ch/9986/7138/122_Sb_Aegelseemoor_1977.PDF,"eueschnit tv erzichten ,sokannerdurchdasNatur - schutzinspektor aatn geordne tu ndausgeführ wt erden. 10 . DasCampieren ,dasAufstelle nv onZeltenundan - dernUnterständen ,sowiedasAnzündenvonFeuernsindimganze"
123,Siselen-Weiher,banned,restricted,https://oerebfiles.apps.be.ch/9986/7138/123_Sb_Siselenweiher_1980.PDF,"t: a ) d a s E r r i c h L e n v o n B a u t e n , l r ' l e r k e nu n d A n l a g e n a l l e r Art; b) das Campieren, das Aufstellen v o n Z e f t e n , f , / o h n w a g eu nn d a n d e - ren Unterstände"
124,Selenen-Rotmoos,banned,restricted,https://oerebfiles.apps.be.ch/9986/7138/124_Sb_Selenen-Rotmoos_1996.PDF,"; das BefahrenmitMotorfahrzeugen cj dasAnzündenvon Feuemund der Gebrauchvon Kochapparaten; di dasAufstellenvonZelten,Wohnwagenund anderenUnterständen sowiedas Lagem; Tierensowie das Beschädigenoder ;i das S"
125,"Längmoos, Forst",banned,restricted,https://oerebfiles.apps.be.ch/9986/7138/125_Sb_Laengmoos_Forst_1978.PDF,"lichen Zustandes untersagt, insbesondere: a) Das Errichten neuer Bauten, Anlagen und Werken aller Art; b) das Campieren, das Aufsctrlagen von Zelten und andern Unterst?inden, das Aufstel.len won Wohnr^tagen;"
126,"Waldgasse, Schwarzenburg",banned,restricted,https://oerebfiles.apps.be.ch/9986/7138/126_Sb_Waldgasse_1978.PDF,"rlichen Zustandes r:ntersagt, jnsbesondere a) Das Drrictrten von Bauten, Werken und Anlagen aller Art; b) das Campieren, das Aufstellen von Zelten, Wotrnwagen u1d andern Unterstäinden; c) das l{egwerfen, Lie"
127,Wachseldornmoos,banned,restricted,https://oerebfiles.apps.be.ch/9986/7138/127_Sb_Wachseldornmoos_1978.pdf,"assen von Hunden; f) das Errichten von Bauten, Anlagen und Werken aller Art; g) das Aufstellen von Wohnwagen, Zelten und andern Unterständen; h） das Campieren, das Anzinden von Feuern und das Verwenden von "
128,Brunnen,silent,caution,https://oerebfiles.apps.be.ch/9986/7138/128_Sb_Brunnen_1985.PDF,
129,Lütscheren,silent,caution,https://oerebfiles.apps.be.ch/9986/7138/129_Sb_Luetscheren_1982.PDF,
130,Gerlafingerweiher,silent,caution,https://oerebfiles.apps.be.ch/9986/7138/130_Sb_Gerlafingerweiher_1983.PDF,
131,Rohr Gsteig,banned,restricted,https://oerebfiles.apps.be.ch/9986/7138/131_Sb_Rohr_Gsteig_1984.PDF,"ch: a) das Errichten von Bauten, Werken und Anlagen aller Art; und andern Unterständen; b) das Aufstellen von Zelten, Wohnuagen c ) d a s l n / e q r u e r f e nA , blagern oder Einleiten von Abfäl1en, Mate"
132,Hasli-Ufer,banned,restricted,https://oerebfiles.apps.be.ch/9986/7138/132_Sb_Hasli-Ufer_1984.PDF,"erLaufen, untersagt, nämlich: a ) dasErrichtenvonBauten , h / erke nu ndAnlaqenaller Art; b ) dasAufstellenvonZelten , h / ohnuage nu ndanderenUnterständensowie das Biruakieren jmFreien; c ) dash / egruerfe"
133,Wohlensee-Nordufer,banned,restricted,https://oerebfiles.apps.be.ch/9986/7138/133_Sb_Wohlensee-Nordufer_1992.PDF,"die ufervegetation (Röhricht, Ried, Ufergehölz, Auenwald) ; b) das Anzünden von Feuern; c) das Aufstellen von Zelten, wohnwagen und anderen Unterständen; d) das Stören, Fangen, Verletzen oder Töten von Tier"
134,Önztäli,banned,restricted,https://oerebfiles.apps.be.ch/9986/7138/134_Sb_Oenztaeli_1985.PDF,": a) das Errichten von Bauten, t'lerken und Anlagen aller Art; b) das Aufstellen nn danderenUnterständen ; vonZelten , t ' ' lohnuag eu Seite c ) das ! / egruerf , e nA , blagern oder Einlej,ten von Abfä1le"
135,Teuftalbucht,banned,restricted,https://oerebfiles.apps.be.ch/9986/7138/135_Sb_Teuftalbucht_1983.PDF,"laufen, untersagt.r nämlich: a) das Errichten vonBauten , tnlerke nu ndAtrlagenaller Artl b ) dasAufstellenvonZelten , Wohnruag eunn danderenUnterständensouie das Biurakieren im Freienl c) das Weguerfen,Abl"
136,Geistsee,banned,restricted,https://oerebfiles.apps.be.ch/9986/7138/136_Sb_Geistsee_1984.PDF,"laufen,untersagt, ämlich: n a) das Errichten von Bauten, l^lerkenund Anlagen aIler Art; b) das Aufstellen von Zelten, bJohnuagen und anderen Unterständen sovie das Birvakieren im Freien; e ) d a s ! ' l e g"
137,Farmattgiesse,banned,restricted,https://oerebfiles.apps.be.ch/9986/7138/137_Sb_Farmattgiesse_1985.PDF,"nu ntersagt , insbesondere : a) dasErr . ichte nv onBauten ,Werke nu ndAnlage na 11erArt ; b) dasAufstellenvonZelten , Wohnwag ue ndandere nU nterständensowj ed asBiwakjere ni mFreien ; c) dasWegw eer fn, A"
138,Laupenau-Hirsried,banned,restricted,https://oerebfiles.apps.be.ch/9986/7138/138_Sb_Laupenau_Hirsried_2006.pdf,"as Reiten ausserhalb der bezeichneten Wege; c) das Klettern und Abseilen an den Felsen; d) das Aufstellen von Zelten, Wohnwagen und anderen Unterständen; e) das Anzünden von Feuern in unmittelbarer Nähe von"
139,Forellensee Zweisimmen,banned,restricted,https://oerebfiles.apps.be.ch/9986/7138/139_Sb_Forellensee_1992.PDF,"e) das Baden; 2 - f) das Anzünden von Feuern, die nicht im Dienste der Pf.trege stehen; g) das Aufstellen von Zelten, wohnwagen und anderen Unterständen; h) das stören, Fangen, verletzen oder Töten von Tier"
140,Mumenthalerweiher-Brunnmatte,banned,restricted,https://oerebfiles.apps.be.ch/9986/7138/140_Sb_Mumenthaler_Weiher-Brunnmatt_2013.pdf,"r der Neubaustrecke SBB; i) das Eindringen in Gewässer und Ufervegetation; j) das Anzünden von Feuern; k) das Biwakieren und Aufstellen von Zelten, Wohnwagen sowie anderen Unterständen; l) das Stören, Fang"
141,Büsselimoos,banned,restricted,https://oerebfiles.apps.be.ch/9986/7138/141_Sb_Buesselimoos_1983.PDF,"elzuruiderlaufe nu ntersagt , insbesondere : a ) dasErrichtenvonBauten , Anlage nu ndtlerkena1lerArt ; b ) dasCampieren ,AufschlagenvonZeltenundandernUnterständen ; c ) dasWegruerfe nL, iegenlassenoderAblage"
142,Schlossmatte-Schlegelholzmoos,banned,restricted,https://oerebfiles.apps.be.ch/9986/7138/142_Sb_Schlossmatt_Schlegelmoos_1983.PDF,"laufen, untersagt, nämlich: a) das [rrichten von Bauten, l^lerkenund Anlagen aller Art; b) das Aufstellen von Zeltenl tJohnruagen und anderen Unterständen; c) das t'Jegruerfen, Ablagern oder Einleiten von A"
143,Lütschisand,silent,caution,https://oerebfiles.apps.be.ch/9986/7138/143_Sb_Luetschisand_1983.PDF,
144,Schinteregge,banned,restricted,https://oerebfiles.apps.be.ch/9986/7138/144_Sb_Schinteregge_1987.PDF,". a . m . ) ; c) dasReiten; d) das Baden; e) d a s A n z ü n d e nv o n F e u e r n ; 2 - f) dasAufstellenvon Zelten, wohnwage u n d a n d e r e nu n t e r s t ä n d e n ; g) d a s s t ö r e n , F a n g e n"
145,Chnuchelhusgrube,banned,restricted,https://oerebfiles.apps.be.ch/9986/7138/145_Sb_Chnuchelhusgruebe_2000.PDF,"ge; h) dasAussetzen vonTieren; i) das Befahren desgesamten GebietsmitFahrzeugen allerArt; i) dasAufstellenvon Zelten,Wohnwagen undanderenUnterständen; k) dasAnzünden vonFeuern; r) das Eindringenin Wasserflä"
146,Nastel,banned,restricted,https://oerebfiles.apps.be.ch/9986/7138/146_Sb_Nastel_1984.PDF,"r i c h t e n v o n B a u t . e n ,t n l e r k e nu n d A n l a g e n a l l e r A r t ; b) das Aufstellen von Zelten, ldohnvagenund anderen Unterständen souie das Biruakieren im Freien; c ) d a s l , l e g "
147,Pfaffenmoos,banned,restricted,https://oerebfiles.apps.be.ch/9986/7138/147_Sb_Pfaffenmoos_1985.PDF,"laufenuntersagt , insbesondere: a ) dasErrichtenvonBauten , AnlagenundüJerke na l1erArt ; b ) dasAufsteLlenvonZelten , l . / ohnuage nu ndanderenUnterständen ; c ) das ldeguerfen, Ablagern oder Einleiten vo"
148,Port,banned,restricted,https://oerebfiles.apps.be.ch/9986/7138/148_Sb_Port_Wimmis_1985.PDF," t e l l e n v o n Z e l t e n , t a l o h n w a g eunn d a n d e r e n U n t e r s t ä n d e n s o w i e das Biwakieren im Freien; c ) d a s l , r l e g w e r f e n ,A b l a g e r n o d e r E i n l e i t "
149,Chappelistutz,banned,restricted,https://oerebfiles.apps.be.ch/9986/7138/149_Sb_Chappelistutz_2005.PDF,"ütschine mitSchiffen, Bootenoderdergleichen unterhalb deroffiziellen Auswasserungsstelle; b) dasAufstellen vonZelten,Wohnwagen undanderenUnterständen; c) dasAnzündenvon Feuernin unmittelbarer NähevonBäumenu"
150,Hintermoos,banned,restricted,https://oerebfiles.apps.be.ch/9986/7138/150_Sb_Hintermoos_1991.PDF," Wasserflächen und Ufervegetation 156.22 - 2 b) das Reiten; c) das Anzünden von Feuern; d) das Aufstellen von Zelten, Wohnwagen und anderen Unterständen; e) das Biwakieren im Freien; f) das Stören, Fangen, "
151,Gwattmösli,silent,caution,https://oerebfiles.apps.be.ch/9986/7138/151_Sb_Gwattmoesli_1986.PDF,
152,Augand,banned,restricted,https://oerebfiles.apps.be.ch/9986/7138/152_Sb_Augand_2004.PDF,"e; der bezeichneten d) dasAnzünden NähevonBäumenundSträuchern; von Feuernin unmittelbarer e) dasAufstellen vonZelten,Wohnwagen undanderenUnterständen; f) dasStören,Fangen,Verletzen oderTötenvonTierensowieda"
153,Steinmösli,entry,restricted,https://oerebfiles.apps.be.ch/9986/7138/153_Sb_Steinmoesli_2005.PDF,"ntersagt,insbesondere: a) das Betretenausserhalbder befestigten und markiertenWege; b) das Eindringenin Wass"
154,Paradiesli,banned,restricted,https://oerebfiles.apps.be.ch/9986/7138/154_Sb_Paradiesli_1991.PDF," zuwiderLaufen, untersagt, insbesondere: a) das Reiten; b) das Anzünden von Feuern; - 2 c) das Aufstellen von Zelten, Wohnwagen und anderen Unterständen; d) das Biwakieren im Freien; e) das Stören, Fangen, "
155,Champs Meusel,banned,restricted,https://oerebfiles.apps.be.ch/9986/7138/155_Sb_Champ_Meusel_2007.pdf,"rter de la terre, de la tourbe ou des matieres premieres; (p d'ailumer desfeuxetd'utiliser desrechauds; e) de camper, de dresser des tentes, d'installer des caravanes ou d'amenager d'autres abris; f) de pra"
156,Tschingel,banned,restricted,https://oerebfiles.apps.be.ch/9986/7138/156_Sb_Tschingel_2022.PDF," zu führen; g. das Befahren mit Fahrzeugen aller Art abseits der geteerten Strasse; 1/3 h. das Aufstellen von Zelten, Wohnwagen, Campern und anderen Unterständen sowie das Biwakieren im Freien; i. das Canyo"
157,Hoger Bremgarten,banned,restricted,https://oerebfiles.apps.be.ch/9986/7138/157_Sb_Hoger_Bremgarten.PDF,".er Art; c) das Reiten; d) das Anzünden von Feuern und der Gebrauch von Grillapparaten; e) das Aufstellen von ZeLten, Wohnwagen und anderen Unterständen; f) das Stören, Fangen, Verletzen oder Töten von Tier"
158,Länggengraben,banned,restricted,https://oerebfiles.apps.be.ch/9986/7138/158_Sb_Laenggengraben_1988.PDF,"en, untersagt, insbesondere: a) das Errichten von Bauten, Werken und Anlagen aller Art; b) das Aufstellen von Zelten, Wohnwagen und anderen Unterständen, sowie das Biwakieren im Freien; c) das Wegwerfen, Ab"
159,Golihuebweiher,silent,caution,https://oerebfiles.apps.be.ch/9986/7138/159_Sb_Golihuebweiher_1991.PDF,
160,Filfalle,banned,restricted,https://oerebfiles.apps.be.ch/9986/7138/160_Sb_Filfalle_1988.PDF,"n , untersagt , nä milc h : a) dasErrichtenvonBauten , l ^ lerk eunn dA n la genalIerArt ; b) dasAufstellenvonZelten , Wohnwa gu endandere nU nterständen ; c) dasWegwerfe nA, b 1a gernoderE in leitenvonAbfä"
161,Seeallmend,silent,caution,https://oerebfiles.apps.be.ch/9986/7138/161_Sb_Seeallemend_1989.PDF,
162,Rüfenachtmoos,banned,restricted,https://oerebfiles.apps.be.ch/9986/7138/162_Sb_Ruefenachtmoos_1989.PDF,"n, untersä9t, insbesondere: a) d.as Errichten von Bauten, Werken und Anlagen aller Art; b) das Aufstellen von Zelten, Wohnwagen und anderen Unterständen, sowie das Biwakieren im Freien; c) d.as Wegwerfen, A"
163,Sandgrüebli,silent,caution,https://oerebfiles.apps.be.ch/9986/7138/163_Sb_Sandgruebli_1991.PDF,
165,"Längmoos, Grossaffoltern",banned,restricted,https://oerebfiles.apps.be.ch/9986/7138/165_Sb_Laengmoos_Grossaffoltern_2004.PDF,"e Durchführungvonorganisierten Sportund Freizeitveranstaltungen; m) dasAnzünden vonFeuern; n) dasAufstellenvonZelten,Wohnwagen undanderenUnterständen; o) das Stören,Fangen,VerletzenoderTötenvon Tierensowied"
166,Schnepfmoos,banned,restricted,https://oerebfiles.apps.be.ch/9986/7138/166_Sb_Schnepfmoos_1993.PDF,"Schutz des Staates qestellt. S r : i r r r tz z r € : I a l Erhalten des I lachmoores Schnepfmoos m.lL I'ereinzelten Wasserlachen als Lebensräum r-:haraj<tr-:ristischer Pf lanzenund Tierarten, sowie r,les ä"
167,Balmholz,banned,restricted,https://oerebfiles.apps.be.ch/9986/7138/167_Sb_Balmholz_1993.PDF,"dringen auf die FeIsbänder v o m L5. Februar bis 3l-. JuIi, d) das Anzünden von Feuern, e) das Aufstellen von Zelten, Wohnwagen und anderen Unterständen, f) das Stören, Fangen, Verletzen oder Töten von Tier"
168,Bickigenmatte,banned,restricted,https://oerebfiles.apps.be.ch/9986/7138/168_Sb_Bickigenmatte_1993.pdf," vom l. VIärz bis 31. August, b) das Parkieren von Motorfahrzeugen, - 2 c ) das Reiten, d) das Aufstellen von Zelten, Wohnwaqen und anderen UnLerständen, e) das Stören, Fanqen, Verletzen oder TöLen von Trer"
169,Köpflisbergmoos,banned,restricted,https://oerebfiles.apps.be.ch/9986/7138/169_Sb_Kloepfisbergmoos_1993.pdf,"rten Parkplätze, c) das Reiten und Mountain-Bikefahren ausserhalb der befestigten Wege, d) das Aufstellen von Zelten, Wohnwagen und anderen UntersLänden, - 2 e) das Stören, Fangen, Verletzen oder Töten von "
170,Gänsemoos,banned,restricted,https://oerebfiles.apps.be.ch/9986/7138/170_Sb_Gaensemoos_1993.pdf,"rfahrzeugen; e das Reiten; f das Anzünden von Feuern und der Gebrauch von Kochapparaten; I das Aufstellen von ZeLten, Wohnwagen und anderen Unterständen sowie das Lagern; das Stören, Fangen, Verletzen oder "
171,Wissenbach West,banned,restricted,https://oerebfiles.apps.be.ch/9986/7138/171_Sb_Wissenbach_West_1993.pdf,"en Wege; ' z c das Anzünden von Feuern und der Gebrauch von K o c h a p p ar a t e n ; d das Auf stel len von Zelten, wohnwaeen und anderen Unterständen sowie das Lagern; e das Stören, Fangen, Verletzen ode"
172,Wissenbach Ost,banned,restricted,https://oerebfiles.apps.be.ch/9986/7138/172_Sb_Wissenbach_Ost_1993.pdf,"s Betreten des Schutzgebietes; das Anzünden von Feuern und der Gebrauch von Kochapparaten; das Aufstellen von Zelten, hlohnwagen und anderen Unterständen sowie das Lagern; - 2 das Stören, Fangen, Verletzen "
173,Dürrentanne,banned,restricted,https://oerebfiles.apps.be.ch/9986/7138/173_Sb_Duerrentannen_1993.pdf," Betreten des Schutzgebiete; b das Anzünden von Feuern und der Gebrauch von Kochapparaten; das Aufstellen von Zelten, Wohnwagen und anderen Unterständen sowie das Lagern; - 2 das Stören, Fangen, Verletzen o"
174,Archer Inseli-Widi,banned,restricted,https://oerebfiles.apps.be.ch/9986/7138/174_Sb_Arche_Inseli-Widi_1995.pdf,"ls mit SpielundSportgeräten; e) dasAnzünden vonFeuernausserhalbdermarkierten Feuerstellen; 0 dasAufstellen vonZelten, Wohnwagen undanderenUnterständen; g) dasLagernaufdemInseli; h) das Stören,Fangen,Verletz"
175,Schalenberg,banned,restricted,https://oerebfiles.apps.be.ch/9986/7138/175_Sb_Schalenberg_1996.pdf,"tzziel insbesondere: untersagt, a) dasAnzünden vonFeuernundderGebrauch vonKochapparaten; bi das Aufstellenvon Zelten,Wohnwagen und anderenUnterständen sowiedas Lagern; c) äas Stören,Fangen,VerletzenoderTöte"
176,Breitmoos,banned,restricted,https://oerebfiles.apps.be.ch/9986/7138/176_Sb_Breitmoos_1996.pdf,"sBefahren mitMotorfahzeugenundFahrrädern,inkl.Mountainbikes; b) das Beweiden; c) dasAnzünden vonFeuern; d) dasBiwakierenim Freien; e) das Aufstellenvon Zelten,Wohnwagenund anderenUnterständen sowie das Lag"
177,Burstblätz,banned,restricted,https://oerebfiles.apps.be.ch/9986/7138/177_Sb_Burstblaetz_1996.pdf,"untersagt, a) dasBefahren mitMotorfahzeugenundFahrrädern,inkl.Mountainbikes; b) dasAnzünden vonFeuern; c) das Biwakierenim Freien; d) das Aufstellenvon Zelten, Wohnwagenund anderen Unterständensowie das La"
178,Im Fysteren Graben,banned,restricted,https://oerebfiles.apps.be.ch/9986/7138/178_Sb_Fysteren_Graben_1996.pdf," das Befahren inkl.Mountainbikes; und Fahrrädern, b) dasBeweiden, c) dasAnzünden vonFeuern; d) im Freien; das Biwakieren e) das Aufstellenvon Zelten,Wohnwagenund anderenUnterständen sowie das Lagern; 0 das"
179,Älbi Flue,banned,restricted,https://oerebfiles.apps.be.ch/9986/7138/179_Sb_Aelbi_Flue_1998.pdf,"asBefahren mitMotorfahzeugenundFahnädern, inkl.Mountainbikes; b) dasBeweiden; c) dasAnzünden vonFeuern; d) dasBiwakieren im Freien; e) das Aufstellenvon Zelten, Wohnwagenund anderen Unterständensowie das L"
180,Hohchräjen,banned,restricted,https://oerebfiles.apps.be.ch/9986/7138/180_Sb_Hochraejen_1996.pdf,"sämtlicheVeränderungen, untersagt, zuwiderlaufen, demSchutzziel insbesondere: a) dasAnzünden vonFeuern; b) dasBiwakieren im Freien; c) das Aufstellenvon Zelten, Wohnwagenund anderen Unterständensowie das L"
181,Feldmoos,entry,restricted,https://oerebfiles.apps.be.ch/9986/7138/181_Sb_Feldmoos_1996.pdf,"ntersagt, insbesondere: a) das Betreten; b) dasBeweiden: c) dasBefahren mitMotorfahzeugen undFahrräd"
182,Mettlen,banned,restricted,https://oerebfiles.apps.be.ch/9986/7138/182_Sb_Mettlen_1996.pdf," BefahrenmitMotorfahzeugenundFahrrädern,inkl.Mountainbikes; b) das Beweiden; c) dasAnzünden vonFeuern; d) das Biwakierenim Freien; e) das Aufstellenvon Zelten, Wohnwagenund anderen Unterständensowie das La"
183,Wilerau,banned,restricted,https://oerebfiles.apps.be.ch/9986/7138/183_Sb_Wilerau_2016.pdf,"igten Wege; d) das Anzünden von Feuern in unmittelbarer Nähe von Bäumen und Sträuchern; e) das Aufstellen von Zelten, Wohnwagen und anderen Unterständen; f) das Stören, Fangen, Verletzen oder Töten von Tier"
184,Unterer Stauffen/Seebort,entry,restricted,https://oerebfiles.apps.be.ch/9986/7138/184_Sb_Unt_Stauffen-Seebort_2007.pdf,"ntersagt, insbesondere: a) das Betreten; (q c) das Beweiden; (p das Errichten von Bauten, Werken und"
185,Dälenmoos,entry,restricted,https://oerebfiles.apps.be.ch/9986/7138/185_Sb_Daelenmoos_2006.pdf,"ntersagt, insbesondere: a) das Betreten; b) das Beweiden sowie jegliche andere landwirtschaftliche N"
186,Mirrenegg,banned,restricted,https://oerebfiles.apps.be.ch/9986/7138/186_Sb_Mirrenegg_2003.pdf,"e die Gewinnung vonRohstoffen; d) dasAnzünden vonFeuernundder Gebrauch von Kochapparaten; e) dasAufstellen vonZelten,Wohnwagen undanderenUnterständen; 0 dasBiwakieren im Freien sowie das Lagern; g) das Stör"
187,Lischboden,banned,restricted,https://oerebfiles.apps.be.ch/9986/7138/187_Sb_Lischboden_2011.pdf,"ben und Schadigen von Pflanzen; i) das Sammeln von Beeren, Moosen, Pilzen und Flechten; j） das Aufstellen von Zelten, Wohnwagen und anderen Unterstanden sowie das Lagern; k) das Anzunden von Feuern; I) die "
188,Schwändlibachgraben,entry,restricted,https://oerebfiles.apps.be.ch/9986/7138/188_Sb_Schwaendlibachgraben_2008.pdf,"ntersagt, insbesondere: a) das Betreten; b) das Beweiden sowie jegliche andere landwirtschaftliche N"
189,Ladengrat,silent,caution,https://oerebfiles.apps.be.ch/9986/7138/189_Sb_Ladengrat_1999.pdf,
190,Sortel,banned,restricted,https://oerebfiles.apps.be.ch/9986/7138/190_Sb_Sortel_2003.pdf,"rabenund Schädigen vonPflanzen; i) das Einbringen von Pflanzen; k) das Anzündenvon Feuem; r) das AufstellenvonZelten,WohnwagenundanderenUnterständen sowiedas Lagern; m ) das Biwakleren im Freien; n ) das Be"
191,Lengi Mettla,entry,restricted,https://oerebfiles.apps.be.ch/9986/7138/191_Sb_Lengi_Mettla_2006.pdf,"ntersagt, insbesondere: a) das Betreten; b) das Beweiden sowie jegliche andere landwirtschaftliche N"
192,Schwarzbach-Möser,entry,restricted,https://oerebfiles.apps.be.ch/9986/7138/192_Sb_Schwarzbach-Moeser_2006.pdf,"ntersagt, insbesondere: a) das Betreten oder Befahren mit Ausnahme der befestigten Strassen; b) das Errichten von Bauten, Werk"
193,Luegiboden,banned,restricted,https://oerebfiles.apps.be.ch/9986/7138/193_Sb_Luegiboden_2006.pdf,"und Flüssigkeiten aller Art; f) das Anzünden von Feuern und der Gebrauch von Kochapparaten; g) das Lagern und Biwakieren; h) das Aufstellen von Zelten, Wohnwagen und anderen Unterständen; i) das Stören, Fa"
196,Engstligenauen,banned,restricted,https://oerebfiles.apps.be.ch/9986/7138/196_Sb_Engstligenauen_2014.pdf,"igten Wege; e) das Anzünden von Feuern in unmittelbarer Nähe von Bäumen und Sträuchern; f) das Aufstellen von Zelten, Wohnwagen und anderen Unterständen; g) das Stören, Fangen, Verletzen oder Töten von Tier"
198,Oberenegg,entry,restricted,https://oerebfiles.apps.be.ch/9986/7138/198_Sb_Oberenegg_1999.pdf,"ntersagt, a) das Betreten; b) das Beweiden unddieVerwendung desstehenden WassersalsWei"
199,Chuchifang,banned,restricted,https://oerebfiles.apps.be.ch/9986/7138/199_Sb_Chuchifang_1999.pdf,"gapparaten allerArt, inkl.Modellflugzeugen; d) das Anzündenvon Feuernundder Gebrauchvon Kochapparaten; e) das Biwakieren im Freiensowiedas Lagern; 0 das Stören,Fangen,VerleEenoderTötenvon Tierensowiedas Be"
200,Tolmoos,entry,restricted,https://oerebfiles.apps.be.ch/9986/7138/200_Sb_Tolmoos_2013.pdf,"ntersagt, insbesondere: a) das Betreten; b) das Beweiden sowie jegliche andere landwirtschaftliche N"
201,Brünnlisau,banned,restricted,https://oerebfiles.apps.be.ch/9986/7138/201_Sb_Bruennlisau_2016.pdf,"igten Wege; d) das Anzünden von Feuern in unmittelbarer Nähe von Bäumen und Sträuchern; e) das Aufstellen von Zelten, Wohnwagen und anderen Unterständen; f) das Stören, Fangen, Verletzen oder Töten von Tier"
202,Les Lavettes,silent,caution,https://oerebfiles.apps.be.ch/9986/7138/202_Sb_Les_Lavattes_2004.pdf,
203,Pâturage du Droit,silent,caution,https://oerebfiles.apps.be.ch/9986/7138/203_Sb_Paturage_duDroit_2000.pdf,
204,Horneggwald,banned,restricted,https://oerebfiles.apps.be.ch/9986/7138/204_Sb_Horneggwald_2012.pdf,"rde sowie die Gewinnung von Rohstoffen; h) das Anzünden von Feuern und der Gebrauch von Kochapparaten; i) das Biwakieren im Freien sowie das Lagern; j) das Stören, Fangen, Verletzen oder Töten von Tieren s"
205,Höhe,banned,restricted,https://oerebfiles.apps.be.ch/9986/7138/205_Sb_Hoehe_2004.pdf," Schutzzielzuwiderlaufen, a) das Beweiden; b) das Anzündenvon Feuernund der Gebrauchvon Kochapparaten; c) das Biwakierenim Freiensowiedas Lagern; d) das Stören, Fangen, Verletzenoder Töten von Tieren sowie"
206,Wengernalp,banned,restricted,https://oerebfiles.apps.be.ch/9986/7138/206_Sb_Wengernalp_1999.pdf,"llerArt,inkl.Modellflugzeugen; d) dasAnzünden von FeuernundderGebrauch von Kochapparaten; e) dasAufstellen vonZelten,Wohnwagen undanderenUnterständen; 0 das Biwakierenim Freiensowiedas Lagern; g) das Stören"
207,In Miseren-Seeboden,banned,restricted,https://oerebfiles.apps.be.ch/9986/7138/207_Sb_InMiseren-Seeboden_2014.pdf,". Mountainbikes); e) dasReiten f) das Anzunden von Feuern, ausser an markierter Stelle; 9) das Aufstellen von Zelten und anderen Unterstanden sowie das Biwakieren; h) das Laufenlassen von Hunden. Diese sind"
209,Gastereholz,banned,restricted,https://oerebfiles.apps.be.ch/9986/7138/209_Sb_Gastereholz_2012.pdf,"tellplätze; c) das Anzünden von Feuern in unmittelbarer Nähe von Bäumen und Sträuchern; d) das Aufstellen von Zelten, Wohnwagen und anderen Unterständen; e) das Stören, Fangen, Verletzen oder Töten von Tier"
211,Höhenschwandmoor,banned,restricted,https://oerebfiles.apps.be.ch/9986/7138/211_Sb_Hoehenschwandmoor_2002.pdf," Entnahmevon Torfund Erdesowie die Gewinnung von Rohstoffen; d ) dasAnzünden Feuern; von e ) dasAufstellen vonZelten,Wohnwagen undanderenUnterständensowiedas Lagern; 0 das Biwakieren im Freien; g) das Störe"
212,Hinder der Egg,banned,restricted,https://oerebfiles.apps.be.ch/9986/7138/212_Sb_Hinder_der_Egg_2002.pdf,"ie EntnahmevonTorfund Erdesowie die Gewinnung von Rohstoffen; d ) dasAnzündenvon Feuern; e ) dasAufstellen vonZelten,Wohnwagen undanderenUnterständen sowiedas Lagern; 0 das Biwakieren im Freien; s) das Stör"
213,Triglisegg,entry,restricted,https://oerebfiles.apps.be.ch/9986/7138/213_Sb_Triglisegg_2002.pdf,"ntersagt, a) das Betreten; b) das Beweiden; c) das Errichten von Bauten,WerkenundAnlag"
214,Däntschwäldli,banned,restricted,https://oerebfiles.apps.be.ch/9986/7138/214_Sb_Daentschwaeldli_2002.pdf,"rf und Erdesowie insbesondere die Gewinnung von Rohstoffen; d ) das Anzünden von Feuern; e ) dasAufstellen vonZelten,Wohnwagen undanderenUnterständensowiedas Lagern; f) das Biwakieren im Freien; -1 g) das S"
215,Chänelegg,entry,restricted,https://oerebfiles.apps.be.ch/9986/7138/215_Sb_Chaennelegg_2012.pdf,"ntersagt, insbesondere: a) das Befahren und Betreten; b) das Beweiden; c) das Errichten von Bauten, Werken und An"
216,Üssers Rüschröhrli,banned,restricted,https://oerebfiles.apps.be.ch/9986/7138/216_Sb_Uessers_Rueschroehrli_2007.pdf,"ere die Entnahme von Torf und die Gewinnung von Rohstoffen; f) das Anzunden von Feuern; g) das Aufstellen von Zelten, Wohnwagen und anderen Unterstanden sowie das Lagern; h) das Storen, Fangen, Verletzen od"
217,Le Bain,banned,restricted,https://oerebfiles.apps.be.ch/9986/7138/217_Sb_Le_Bain_2003.pdf," r6chauds; h) de dresserdestentes,d'installer descaravanes ou d'am6nager d'autresabris; i) de bivouquer et de camper; i) de d6ranger,de capturer, de blesser ou de tuer des animaux,ainsi que d'endommager ou "
218,Günsche-Witi,banned,restricted,https://oerebfiles.apps.be.ch/9986/7138/218_Sb_Guensche-Witi_2002.pdf,"er hierfürbezeichnetenWege; k) das Laufenlassen von Hunden.Diesesindan der Leinezu führen; l) dasAufstellenvonZelten,Wohnwagen undanderenUnterständen; m) dasLagern; n) dasAnzündenvon Feuern; o) das Stören,F"
219,Stouffe,silent,caution,https://oerebfiles.apps.be.ch/9986/7138/219_Sb_Stouffe_2012.pdf,
220,Gmeine Schöriz,silent,caution,https://oerebfiles.apps.be.ch/9986/7138/220_Sb_Gmeine_Schoeriz_2012.pdf,
221,Moorsite,banned,restricted,https://oerebfiles.apps.be.ch/9986/7138/221_Sb_Moorsite_2012.pdf,"ländes, insbesondere die Entnahme von Torf und Erde sowie die Gewinnung von Rohstoffen; g) das Aufstellen von Zelten und anderen Unterständen sowie das Biwakieren; -2- h) das Anzünden von Feuern; i) das Stö"
222,Hennenmoos,entry,restricted,https://oerebfiles.apps.be.ch/9986/7138/222_Sb_Hennemoos_2003.pdf,"ntersagt, insbesondere: a) das Betreten; b) das Beweiden; c) das Errichtenvon Bauten,WerkenundAnlage"
223,Buhüttli,banned,restricted,https://oerebfiles.apps.be.ch/9986/7138/223_Sb_Buhuettli_2003.pdf,"ahrzeugen undFahrrädern, inkl.Mountainbikes; e) dasAnzündenvon Feuernundder Gebrauch von Kochapparaten; 0 das Biwakierenim Freien sowie das Lagern; g) das Störenvon Tierensowiedas Beschädigen oder Zerstöre"
224,Witiwald-Dälewald,banned,restricted,https://oerebfiles.apps.be.ch/9986/7138/224_Sb_Witiwald-Daelewald_2012.pdf,"ntnahme von Torf und Erde und die Gewinnung von Rohstoffen; d) das Anzünden von Feuern; e) das Aufstellen von Zelten, Wohnwagen und anderen Unterständen sowie das Lagern; f) das Biwakieren im Freien; g) das"
225,Flöschseeli,banned,restricted,https://oerebfiles.apps.be.ch/9986/7138/225_Sb_Floeschseeli_2004.pdf,"s Befahren desFussweges allerArt; mit Fahrzeugen e) das Reiten; 0 dasAnzünden vonFeuern; g) das Aufstellenvon Zelten,Wohnwagenund anderenUnterständen sowie das Lagern; h) das Biwakieren im Freien; -1 - i) d"
226,Burgfeldflüe,banned,restricted,https://oerebfiles.apps.be.ch/9986/7138/226_Sb_Burgfeldfluee_2004.pdf,"redieEntnahme vonTorfundErdeund die Gewinnung von Rohstoffen; d) das Anzündenvon Feuern; e) das Aufstellenvon Zelten,Wohnwagenund anderenUnterständen sowie das Lagern; 0 das Biwakieren im Freien; g) das Stö"
227,Oberberg,entry,restricted,https://oerebfiles.apps.be.ch/9986/7138/227_Sb_Oberberg_2004.pdf,"ntersagt, a) das Betreten; b) das Beweiden; c) das Errichtenvon Bauten,WerkenundAnlage"
228,Unterholz,banned,restricted,https://oerebfiles.apps.be.ch/9986/7138/228_Sb_Unterholz_2004.pdf,"des Geländes, vonTorfundErdeund die Gewinnung von Rohstoffen; e ) das Anzündenvon Feuern; 0 das Aufstellenvon Zelten,WohnwagenundanderenUnterständen sowiedas Lagern; g) das Biwakierenim Freien; Beschädigen "
229,Bärmatten,banned,restricted,https://oerebfiles.apps.be.ch/9986/7138/229_Sb_Baermatten_2007.pdf,"t, Ufergehölz, Rohrkolbengürtel); d) das Jagen und Fischen; e) das Anzünden von Feuern; f) das Aufstellen von Zelten, Wohnwagen und anderen Unterständen; g) das Biwakieren und Lagern; h) das Stören, Fangen,"
230,Hängst,entry,restricted,https://oerebfiles.apps.be.ch/9986/7138/230_Sb_Haengst_2005.pdf,"ntersagt,insbesondere: a) das Betreten; b) das BeweidensowiejeglicheanderelandwirtschaftlicheNutzun"
231,Oberburger Schachen,banned,restricted,https://oerebfiles.apps.be.ch/9986/7138/231_Sb_Oberburger_Schachen_2002.pdf,"ezeichneten Wege; d . dasAnzünden von Feuernin unmittelbarerNähevon BäumenundSträuchern: e . dasAufstellen vonZelten,Wohnwagen undanderenUnterständen; f. das Stören,Fangen,Verletzen oderTötenvonTierensowied"
232,Birchenmoos,entry,restricted,https://oerebfiles.apps.be.ch/9986/7138/232_Sb_Birchenmoos_2006.pdf,"ntersagt, insbesondere: a) das Betreten; b) das Beweiden sowie jegliche andere landwirtschaftliche N"
233,Fischbachmoesli,banned,restricted,https://oerebfiles.apps.be.ch/9986/7138/233_Sb_Fischbachmoesli_2003.pdf," insbesondere vonTorfund Erdesowie die Gewinnungvon Rohstoffen; d) dasAnzündenvon Feuern; e) dasAufstellenvon Zelten,Wohnwagen undandernUnterständen; f) dasLagem; g) dasStören,Fangen,VerletzenoderTötenvonTi"
234,Chälimaad,silent,caution,https://oerebfiles.apps.be.ch/9986/7138/234_Sb_Chaelimaad_2010.pdf,
235,Dälmoos Achseten,entry,restricted,https://oerebfiles.apps.be.ch/9986/7138/235_Sb_Daelmoos_Achseten_2007.pdf,"ntersagt, insbesondere: a) das Betreten; b) das Befahren mit Motorfahrzeugen, Motorfahrrädern oder M"
236,Ämmeschache-Urtenesumpf,banned,restricted,https://oerebfiles.apps.be.ch/9986/7138/236_Sb_Aemmeschache-Urtenensumpf_2008.pdf,"igter Wege; e) das Anzünden von Feuern in unmittelbarer Nähe von Bäumen und Sträuchern; f) das Aufstellen von Zelten, Wohnwagen und anderen Unterständen; g) das Stören, Fangen, Verletzen oder Töten von Tier"
237,Lombach,entry,restricted,https://oerebfiles.apps.be.ch/9986/7138/237_Sb_Lombach_2006.pdf,"ntersagt, insbesondere: a) das Betreten; b) das Beweiden sowie jegliche andere landwirtschaftliche N"
238,Färrich,entry,restricted,https://oerebfiles.apps.be.ch/9986/7138/238_Sb_Faerrich_2006.pdf,"ntersagt, insbesondere: a) das Betreten; b) das Beweiden sowie jegliche andere landwirtschaftliche N"
239,Unders Hörndli,banned,restricted,https://oerebfiles.apps.be.ch/9986/7138/239_Sb_Unders_Hoerndli_2008.pdf,"ländes, insbesondere die Entnahme von Torf und Erde sowie die Gewinnung von Rohstoffen; f) das Aufstellen von Zelten und anderen Unterständen sowie das Biwakieren; g) das Anzünden von Feuern; h) das Stören,"
240,Obers Hörndli,banned,restricted,https://oerebfiles.apps.be.ch/9986/7138/240_Sb_Obers_Hoerndli_2008.pdf,"ländes, insbesondere die Entnahme von Torf und Erde sowie die Gewinnung von Rohstoffen; f) das Aufstellen von Zelten und anderen Unterständen sowie das Biwakieren; g) das Anzünden von Feuern; h) das Stören,"
241,Tschätte-Rosschäle,silent,caution,https://oerebfiles.apps.be.ch/9986/7138/241_Sb_Tschaette-Rosschaele_2016.pdf,
242,Leiterli,silent,caution,https://oerebfiles.apps.be.ch/9986/7138/242_Sb_Leiterli_2016.pdf,
244,Engstligenalp,banned,restricted,https://oerebfiles.apps.be.ch/9986/7138/244_Sb_Engstligenalp_2008.pdf,"en Sportund Freizeitveranstaltungen ausserhalb der vom Rundweg eingeschlossenen Fläche; I) das Aufstellen von Zelten und anderen Unterständen; m) das Befahren mit Motorfahrzeugen, Motorfahrrädern, Mountainb"
245,Heustrich,banned,restricted,https://oerebfiles.apps.be.ch/9986/7138/245_Sb_Heustrich_2009.pdf,"d) die Durchführung von kommerziellen oder öffentlich ausgeschriebenen Veranstaltungen; e) das Aufstellen von Zelten, Wohnwagen und anderen Unterständen; f) das Wegwerfen, Ablagern oder Einleiten von Abfäll"
247,Kanderfirn,silent,caution,https://oerebfiles.apps.be.ch/9986/7138/247_Sb_Kanderfirn_2008.pdf,
249,Urbachtal,silent,caution,https://oerebfiles.apps.be.ch/9986/7138/249_Sb_Urbachtal_2013.pdf,
254,Fraubrunnenmoos ,banned,restricted,https://oerebfiles.apps.be.ch/9986/7138/254_Sb_Fraubrunnenmoos_2022.pdf,"liche Eingriffe in das Waldökosystem, das Wegräumen oder das Fällen von Altund Totholz; k) das Aufstellen von Zelten, Wohnwagen und anderen Unterständen; l) das Biwakieren; m) die Wildfütterung; n) das Star"
255,Hechtenloch,entry,restricted,https://oerebfiles.apps.be.ch/9986/7138/255_Sb_Hechtenloch_2017.pdf,"ntersagt,insbesondere: a) das Errichten von Bauten,Werken und Anlagen; b) Terrainveranderungen, insbesondere Ablagerungen und Auffullungen; C) Eingriffe in den Wasserhaushalt; d) das Betreten; e) das Reiten; f) das Befahren mit Fahrzeugen; (6 das Laufe"
256,Inkwilersee,banned,restricted,https://oerebfiles.apps.be.ch/9986/7138/256_Sb_Inkwilersee_2022.pdf,"asAnzuindenvonFeuernunddasGrillierenausserhalbdermarkiertenFeuerstellebeimBadeplatzInkwil; j） dasAufstellenvonZelten,Wohnwagenund anderenUnterstanden; k) dasBiwakieren; 1) dasAbspielenvonlauterMusik; m) n) "
257,First,banned,restricted,https://oerebfiles.apps.be.ch/9986/7138/257_Sb_First_2015.pdf," neuer Bauten,Anlagen und Werke(inkl.Wege); f) mit Hangegleitern; g) dasAnzundenvonFeuern; h) dasAufstellenvonZeltenund anderenUnterstanden; i) das Pflucken, Ausgraben und Schadigen von Pflanzen; j) dasEinb"
258,Niesen,silent,caution,https://oerebfiles.apps.be.ch/9986/7138/258_Sb_Niesen_1972.pdf,
259,Niederhorn,silent,caution,https://oerebfiles.apps.be.ch/9986/7138/259_Sb_Niederhorn_1948.pdf,
