decree_title,decree_scan,app_level,decree_url,excerpt
Decreto di protezione dell’Alpe Vicania,banned,restricted,https://www4.ti.ch/fileadmin/GENERALE/IGDAC/ti_002_1_v1_0/Decreto_di_protezione_Alpe_Vicania_20211215.pdf,"ione di uova, larve, crisalidi, nidi, cove di animali selvatici; h. le attività moleste legate allo svago, il campeggio, l'accensione di fuochi, l’esplosione di mate- riale pirotecnico e l’abbandono di rifiu"
Decreto di protezione dei siti di riproduzione di anfibi del Comune di Tresa,banned,restricted,https://www4.ti.ch/fileadmin/GENERALE/IGDAC/ti_002_1_v1_0/Decreto_di_protezione_dei_siti_di_anfibi_del_Comune_di_Tresa_20240124.pdf,"4 e dell’Ordinanza sui prodotti fitosanitari (OPF)5; f. il condurre i cani che non siano al guinzaglio; g. il campeggio, l’accensione di fuochi e le manifestazioni sportive; h. Il passaggio di cavalli e bici"
Decreto di protezione del Laghetto di Astano,silent,caution,https://www4.ti.ch/fileadmin/GENERALE/IGDAC/ti_002_1_v1_0/Decreto_di_protezione_del_Laghetto_di_Astano_20190227.pdf,
Decreto di protezione della Foce della Magliasina,banned,restricted,https://www4.ti.ch/fileadmin/GENERALE/IGDAC/ti_002_1_v1_0/Decreto_di_protezione_della_Foce_della_Magliasina_20160301.pdf,"ra e l’impermeabilizzazione dei sentieri e degli accessi; p. le attività di svago e ricreative moleste; q. il campeggio, l’accensione di fuochi e l’abbandono di rifiuti; r. l’illuminazione; s. i cani in libe"
Decreto di protezione della Legiuna,banned,restricted,https://www4.ti.ch/fileadmin/GENERALE/IGDAC/ti_002_1_v1_0/Decreto_di_protezione_della_Legiuna_20060307.pdf,ammessa esclusivamente lungo il percorso equestre designato e indicato sul Piano delle utilizzazioni. Art. 27 Campeggio Il campeggio è vietato all'interno dell'intera Zona protetta. Art. 28 Cani All'interno 
Decreto di protezione della Palude Di là dall Acqua,silent,caution,https://www4.ti.ch/fileadmin/GENERALE/IGDAC/ti_002_1_v1_0/Decreto_di_protezione_della_Palude_Di_la_dall_Acqua_20121212.pdf,
Decreto di protezione della Palude S. Giorgio,silent,caution,https://www4.ti.ch/fileadmin/GENERALE/IGDAC/ti_002_1_v1_0/Decreto_di_protezione_della_Palude_S_Giorgio_20140506.pdf,
Decreto di protezione della zona golenale della Magliasina,silent,caution,https://www4.ti.ch/fileadmin/GENERALE/IGDAC/ti_002_1_v1_0/Decreto_di_protezione_della_zona_golenale_della_Magliasina_20081104.pdf,
Decreto di protezione della zona golenale della Valle Bavona,banned,restricted,https://www4.ti.ch/fileadmin/GENERALE/IGDAC/ti_002_1_v1_0/Decreto_di_protezione_della_zona_golenale_della_Valle_Bavona_20060516.pdf,"te necessarie alla gestione del bosco e i sentieri, così come indicato nel Piano delle utilizzazioni. Art. 19 Campeggio Il campeggio è vietato all'interno dell'intera Zona protetta. CAPITOLO 3 PROVVEDIMENTI "
Decreto di protezione delle golene del Brenno,banned,restricted,https://www4.ti.ch/fileadmin/GENERALE/IGDAC/ti_002_1_v1_0/Decreto_di_protezione_delle_golene_del_Brenno_20150916.pdf,egate alla lotta contro gli incendi; n. l'asfaltatura e la pavimentazione dei sentieri e degli accessi; o. il campeggio al di fuori delle aree autorizzate al campeggio occasionale ai sensi dell’art. 5 della 
Decreto di protezione delle golene della Tresa,banned,restricted,https://www4.ti.ch/fileadmin/GENERALE/IGDAC/ti_002_1_v1_0/Decreto_di_protezione_delle_golene_della_Tresa_20210602.pdf,limitazione dell’intensità al minimo indispensabile per rendere visibile ciò che si intende illuminare. 6.2.9 Campeggio Tresiana (obiettivo B1) La presenza del campeggio a ridosso del sito d’anfibi d’importa
Decreto di protezione delle golene della Valle Bedretto,banned,restricted,https://www4.ti.ch/fileadmin/GENERALE/IGDAC/ti_002_1_v1_0/Decreto_di_protezione_delle_golene_della_Valle_Bedretto_20121107.pdf, accessi; l. gli atterraggi esterni; m. le attività moleste legate allo svago e l’abbandono di rifiuti; n. il campeggio al di fuori delle aree autorizzate al campeggio occasionale ai sensi dell’art. 5 della 
Decreto di protezione delle golene della Valle Maggia,banned,restricted,https://www4.ti.ch/fileadmin/GENERALE/IGDAC/ti_002_1_v1_0/Decreto_di_protezione_delle_golene_della_Valle_Maggia_20101116.pdf,egate alla lotta contro gli incendi; l. l'asfaltatura e la pavimentazione dei sentieri e degli accessi; m. il campeggio al di fuori delle aree autorizzate al campeggio occasionale ai sensi dell’art. 5 della 
Decreto di protezione dello Stagno Agra,silent,caution,https://www4.ti.ch/fileadmin/GENERALE/IGDAC/ti_002_1_v1_0/Decreto_di_protezione_dello_Stagno_Agra_20050614.pdf,
Decreto di protezione dello Stagno Paron,silent,caution,https://www4.ti.ch/fileadmin/GENERALE/IGDAC/ti_002_1_v1_0/Decreto_di_protezione_dello_Stagno_Paron_20061107.pdf,
Decreto di protezione di Molino – Colombera,banned,restricted,https://www4.ti.ch/fileadmin/GENERALE/IGDAC/ti_002_1_v1_0/Decreto_di_protezione_di_Molino-Colombera_20161115.pdf,"5 e dell’Ordinanza sui prodotti fitosanitari (OPF)6; f. il condurre i cani che non siano al guinzaglio; g. il campeggio, l’accensione di fuochi e le manifestazioni sportive; 4 RS 813.11 5 RS 813.12 6 RS 916."
Decreto di protezione di Palazzetta,silent,caution,https://www4.ti.ch/fileadmin/GENERALE/IGDAC/ti_002_1_v1_0/Decreto_di_protezione_di_Palazzetta_20111026.pdf,
Decreto di protezione di Pre Murin - Vigna - Pavü,banned,restricted,https://www4.ti.ch/fileadmin/GENERALE/IGDAC/ti_002_1_v1_0/Decreto_di_protezione_di_PreMurin-Vigna-Pavu_20200902.pdf,"5 e dell’Ordinanza sui prodotti fitosanitari (OPF)6; e. il condurre i cani che non siano al guinzaglio; f. il campeggio, l’accensione di fuochi e le manifestazioni sportive; g. Il passaggio di cavalli e bici"
Decreto di protezione di Torrazza - Paü,silent,caution,https://www4.ti.ch/fileadmin/GENERALE/IGDAC/ti_002_1_v1_0/Decreto_di_protezione_di_Torrazza-Pau_20091028.pdf,
Decreto di protezione del prato secco Ex Aerodromo,banned,restricted,https://www4.ti.ch/fileadmin/GENERALE/IGDAC/ti_002_1_v1_0/Decreto_protezione_prato_secco_Ex_Aerodromo_20171206.pdf,"neggiamento, la distruzione, l'asportazione di uova, larve, crisalidi, nidi, cove di animali selvatici; k. il campeggio e l'accensione di fuochi; l. le attività moleste legate allo svago e l’abbandono di rif"
Ordinanza per la protezione delle Bolle di Magadino,banned,restricted,https://www4.ti.ch/fileadmin/GENERALE/IGDAC/ti_002_1_v1_0/Ordinanza_per_la_protezione_delle_Bolle_di_Magadino_20140301.pdf,"Magadino e della Verzasca (zona C) è regolata da disposizioni emanate dal Dipartimento del territorio;2 g) il campeggio, il parcheggio di roulottes e simili, ad eccezione dei settori della zona C per i quali"
Piano regolatore cantonale di protezione del laghetto di Muzzano,silent,caution,https://www4.ti.ch/fileadmin/GENERALE/IGDAC/ti_002_1_v1_0/PR_cantonale_di_protezione_del_laghetto_di_Muzzano_20110228.pdf,
Piano regolatore cantonale di protezione del laghetto di Origlio,banned,restricted,https://www4.ti.ch/fileadmin/GENERALE/IGDAC/ti_002_1_v1_0/PR_cantonale_di_protezione_del_laghetto_di_Origlio_19911220.pdf,"dal confine. Sono vietate le costruzioni a scopo industriale, comprese le costruzioni per bagni-spiaggia ed i campeggi. 4. Conservazione del bosco e selve, pe rmettendo le cost ruzion i civili e rurali che n"
Piano regolatore cantonale di protezione della Bolla di San Martino,silent,caution,https://www4.ti.ch/fileadmin/GENERALE/IGDAC/ti_002_1_v1_0/PR_cantonale_di_protezione_della_Bolla_di_San_Martino_19970430.pdf,
Piano regolatore cantonale di protezione delle torbiere di importanza nazionale,banned,restricted,https://www4.ti.ch/fileadmin/GENERALE/IGDAC/ti_002_1_v1_0/PR_cantonale_di_protezione_delle_torbiere_di_importanza_nazionale_20020220.pdf,"ione, l'asportazione di uova, larve, crisalidi, nidi, cove di animali selvatici; − la caccia e la pesca; − il campeggio, l'accensione di fuochi e ogni attività sportiva; − la circolazione veicolare, il passa"
"Regolamento sulla protezione della flora, della fauna e dei funghi",silent,caution,https://www4.ti.ch/fileadmin/GENERALE/IGDAC/ti_002_1_v1_0/Regolamento_sulla_protezione_della_flora_della_fauna_e_dei_funghi_20110210.pdf,
